TIMESTAMP,TRACK_ID,OBJECT_TYPE,X,Y,CITY_NAME
315969659.4416412,00000000-0000-0000-0000-000000000000,AV,3987.7851652264508,2484.54851945525,PIT
315969659.4416412,00000000-0000-0000-0000-000000025620,OTHERS,3959.401592414627,2465.626179819157,PIT
315969659.4416412,00000000-0000-0000-0000-000000025670,OTHERS,3988.077497203467,2492.306179785803,PIT
315969659.4416412,00000000-0000-0000-0000-000000025690,OTHERS,4016.8647949499787,2503.2106008293604,PIT
315969659.4416412,00000000-0000-0000-0000-000000025596,OTHERS,3949.308241851523,2445.8614273032817,PIT
315969659.4416412,00000000-0000-0000-0000-000000025650,OTHERS,3975.6259524882094,2469.1589262902776,PIT
315969659.4416412,00000000-0000-0000-0000-000000025680,OTHERS,3989.667010964566,2481.954930708253,PIT
315969659.4416412,00000000-0000-0000-0000-000000025283,AGENT,3968.075781905044,2466.5143619756745,PIT
315969659.4416412,00000000-0000-0000-0000-000000025682,OTHERS,3992.878477933981,2496.6882229853463,PIT
315969659.4416412,00000000-0000-0000-0000-000000025688,OTHERS,3951.286538229749,2454.664653424971,PIT
315969659.4416412,00000000-0000-0000-0000-000000025611,OTHERS,3958.974686380181,2454.725932477189,PIT
315969659.4416412,00000000-0000-0000-0000-000000025655,OTHERS,3971.152745097059,2476.522374042192,PIT
315969659.4416412,00000000-0000-0000-0000-000000025673,OTHERS,3980.4195247386388,2473.229973794737,PIT
315969659.4416412,00000000-0000-0000-0000-000000025619,OTHERS,3953.3346125005987,2456.4635340189684,PIT
315969659.4416412,00000000-0000-0000-0000-000000025659,OTHERS,3994.150740175145,2486.046445277415,PIT
315969659.4416412,00000000-0000-0000-0000-000000025686,OTHERS,3999.394032383847,2490.60712365607,PIT
315969659.4416412,00000000-0000-0000-0000-000000025663,OTHERS,3975.436386456996,2480.4024238992565,PIT
315969659.4416412,00000000-0000-0000-0000-000000025658,OTHERS,3986.0277107765637,2478.5502189004324,PIT
315969659.4416412,00000000-0000-0000-0000-000000025649,OTHERS,3963.553927318786,2458.147074305125,PIT
315969659.4416412,00000000-0000-0000-0000-000000025640,OTHERS,3971.4054209780047,2466.0599663144776,PIT
315969659.54695266,00000000-0000-0000-0000-000000000000,AV,3988.6021545101253,2485.2193251329277,PIT
315969659.54695266,00000000-0000-0000-0000-000000025620,OTHERS,3959.3765019144453,2465.537067388245,PIT
315969659.54695266,00000000-0000-0000-0000-000000025670,OTHERS,3988.136446595235,2492.3554478028445,PIT
315969659.54695266,00000000-0000-0000-0000-000000025690,OTHERS,4017.058868330463,2503.1979905553853,PIT
315969659.54695266,00000000-0000-0000-0000-000000025650,OTHERS,3975.6632289945296,2469.2037314147315,PIT
315969659.54695266,00000000-0000-0000-0000-000000025680,OTHERS,3989.915761479722,2482.166803041563,PIT
315969659.54695266,00000000-0000-0000-0000-000000025688,OTHERS,3951.2865382378773,2454.664653432395,PIT
315969659.54695266,00000000-0000-0000-0000-000000025611,OTHERS,3959.0583749108064,2454.768955391569,PIT
315969659.54695266,00000000-0000-0000-0000-000000025655,OTHERS,3971.1422341211987,2476.527400771043,PIT
315969659.54695266,00000000-0000-0000-0000-000000025283,AGENT,3968.7863307336656,2467.135180133936,PIT
315969659.54695266,00000000-0000-0000-0000-000000025682,OTHERS,3992.895233529806,2496.680480586918,PIT
315969659.54695266,00000000-0000-0000-0000-000000025673,OTHERS,3980.407628842474,2473.194038582506,PIT
315969659.54695266,00000000-0000-0000-0000-000000025619,OTHERS,3953.363155963702,2456.408742826685,PIT
315969659.54695266,00000000-0000-0000-0000-000000025659,OTHERS,3994.124231089346,2486.0220789904715,PIT
315969659.54695266,00000000-0000-0000-0000-000000025686,OTHERS,3999.4156213458973,2490.6284944406616,PIT
315969659.54695266,00000000-0000-0000-0000-000000025663,OTHERS,3975.4870924906513,2480.4387069611857,PIT
315969659.54695266,00000000-0000-0000-0000-000000025658,OTHERS,3985.9945879126176,2478.4442149043302,PIT
315969659.54695266,00000000-0000-0000-0000-000000025649,OTHERS,3963.4454420568345,2458.137555949137,PIT
315969659.54695266,00000000-0000-0000-0000-000000025640,OTHERS,3971.453688896532,2466.105334938873,PIT
315969659.648821,00000000-0000-0000-0000-000000000000,AV,3989.393090959343,2485.947654108765,PIT
315969659.648821,00000000-0000-0000-0000-000000025620,OTHERS,3959.577053081201,2465.7510204934883,PIT
315969659.648821,00000000-0000-0000-0000-000000025670,OTHERS,3988.122432862572,2492.3426673831273,PIT
315969659.648821,00000000-0000-0000-0000-000000025690,OTHERS,4017.102229557617,2503.210698791154,PIT
315969659.648821,00000000-0000-0000-0000-000000025650,OTHERS,3975.723526141747,2469.2962689196297,PIT
315969659.648821,00000000-0000-0000-0000-000000025680,OTHERS,3990.198459155979,2482.1232238155358,PIT
315969659.648821,00000000-0000-0000-0000-000000025640,OTHERS,3971.4456809632647,2466.119657162646,PIT
315969659.648821,00000000-0000-0000-0000-000000025688,OTHERS,3951.286538246008,2454.664653439817,PIT
315969659.648821,00000000-0000-0000-0000-000000025611,OTHERS,3959.096325949891,2454.721219799997,PIT
315969659.648821,00000000-0000-0000-0000-000000025655,OTHERS,3971.2534354837,2476.4592563542333,PIT
315969659.648821,00000000-0000-0000-0000-000000025649,OTHERS,3963.9886599231518,2458.9484190423614,PIT
315969659.648821,00000000-0000-0000-0000-000000025283,AGENT,3969.558627759549,2467.8493040446106,PIT
315969659.648821,00000000-0000-0000-0000-000000025682,OTHERS,3992.877351998733,2496.745007118876,PIT
315969659.648821,00000000-0000-0000-0000-000000025696,OTHERS,4036.667944839408,2508.936351871681,PIT
315969659.648821,00000000-0000-0000-0000-000000025673,OTHERS,3980.414183934809,2473.240128632389,PIT
315969659.648821,00000000-0000-0000-0000-000000025619,OTHERS,3953.3568673681925,2456.445422672273,PIT
315969659.648821,00000000-0000-0000-0000-000000025659,OTHERS,3994.245762523376,2486.1001428701616,PIT
315969659.648821,00000000-0000-0000-0000-000000025686,OTHERS,3999.364109897621,2490.590363610249,PIT
315969659.648821,00000000-0000-0000-0000-000000025663,OTHERS,3975.4093427427333,2480.381695690243,PIT
315969659.648821,00000000-0000-0000-0000-000000025658,OTHERS,3985.9450907249584,2478.4391837657763,PIT
315969659.7452681,00000000-0000-0000-0000-000000000000,AV,3990.181422895887,2486.673019997916,PIT
315969659.7452681,00000000-0000-0000-0000-000000025620,OTHERS,3959.986875216703,2466.2098201089098,PIT
315969659.7452681,00000000-0000-0000-0000-000000025670,OTHERS,3988.1750427556676,2492.438303720005,PIT
315969659.7452681,00000000-0000-0000-0000-000000025690,OTHERS,4016.994497715092,2503.0525300776308,PIT
315969659.7452681,00000000-0000-0000-0000-000000025650,OTHERS,3975.632433723935,2469.1705748622016,PIT
315969659.7452681,00000000-0000-0000-0000-000000025680,OTHERS,3990.349758982866,2482.294468772181,PIT
315969659.7452681,00000000-0000-0000-0000-000000025640,OTHERS,3971.5755562906775,2466.2293807776778,PIT
315969659.7452681,00000000-0000-0000-0000-000000025688,OTHERS,3951.355818133401,2454.562745357841,PIT
315969659.7452681,00000000-0000-0000-0000-000000025611,OTHERS,3959.0988887109165,2454.711155948252,PIT
315969659.7452681,00000000-0000-0000-0000-000000025655,OTHERS,3971.385204624737,2476.501378215209,PIT
315969659.7452681,00000000-0000-0000-0000-000000025649,OTHERS,3963.5360166349706,2458.106315519434,PIT
315969659.7452681,00000000-0000-0000-0000-000000025283,AGENT,3970.3519862338417,2468.5853849356063,PIT
315969659.7452681,00000000-0000-0000-0000-000000025682,OTHERS,3992.9092980563923,2496.719472399304,PIT
315969659.7452681,00000000-0000-0000-0000-000000025696,OTHERS,4036.6656552171808,2508.604781833483,PIT
315969659.7452681,00000000-0000-0000-0000-000000025673,OTHERS,3980.4088333808318,2473.208946625483,PIT
315969659.7452681,00000000-0000-0000-0000-000000025619,OTHERS,3953.3160523440265,2456.2478671650088,PIT
315969659.7452681,00000000-0000-0000-0000-000000025659,OTHERS,3994.325015985009,2486.1931112247266,PIT
315969659.7452681,00000000-0000-0000-0000-000000025686,OTHERS,3999.3823430547322,2490.6208018183543,PIT
315969659.7452681,00000000-0000-0000-0000-000000025663,OTHERS,3975.480223067232,2480.4073207691613,PIT
315969659.7452681,00000000-0000-0000-0000-000000025658,OTHERS,3986.009116027763,2478.4260822591245,PIT
315969659.8456964,00000000-0000-0000-0000-000000000000,AV,3990.9722056669752,2487.401388378279,PIT
315969659.8456964,00000000-0000-0000-0000-000000025620,OTHERS,3959.811112534294,2466.054378083785,PIT
315969659.8456964,00000000-0000-0000-0000-000000025670,OTHERS,3988.1937424494427,2492.394555627149,PIT
315969659.8456964,00000000-0000-0000-0000-000000025690,OTHERS,4017.096085852773,2503.0556655896635,PIT
315969659.8456964,00000000-0000-0000-0000-000000025650,OTHERS,3975.5124479084975,2468.977380077812,PIT
315969659.8456964,00000000-0000-0000-0000-000000025680,OTHERS,3990.2440471451177,2482.2493169601858,PIT
315969659.8456964,00000000-0000-0000-0000-000000025688,OTHERS,3951.3526084220803,2454.6204800287755,PIT
315969659.8456964,00000000-0000-0000-0000-000000025611,OTHERS,3959.098888719013,2454.7111559557197,PIT
315969659.8456964,00000000-0000-0000-0000-000000025655,OTHERS,3971.327087062679,2476.4294836216595,PIT
315969659.8456964,00000000-0000-0000-0000-000000025649,OTHERS,3963.814267913941,2458.429604275819,PIT
315969659.8456964,00000000-0000-0000-0000-000000025283,AGENT,3970.7787535947136,2469.0906914990383,PIT
315969659.8456964,00000000-0000-0000-0000-000000025682,OTHERS,3992.904082713857,2496.7658918375023,PIT
315969659.8456964,00000000-0000-0000-0000-000000025696,OTHERS,4036.6656552171808,2508.604781833483,PIT
315969659.8456964,00000000-0000-0000-0000-000000025673,OTHERS,3980.4044060661895,2473.251333270708,PIT
315969659.8456964,00000000-0000-0000-0000-000000025619,OTHERS,3953.391348692459,2456.3099239703633,PIT
315969659.8456964,00000000-0000-0000-0000-000000025659,OTHERS,3994.347900819424,2486.196009635717,PIT
315969659.8456964,00000000-0000-0000-0000-000000025686,OTHERS,3999.464498204401,2490.660788803435,PIT
315969659.8456964,00000000-0000-0000-0000-000000025663,OTHERS,3975.471610902216,2480.401745723579,PIT
315969659.8456964,00000000-0000-0000-0000-000000025658,OTHERS,3986.04524831887,2478.533685582524,PIT
315969659.8456964,00000000-0000-0000-0000-000000025640,OTHERS,3971.695858521793,2466.4125574172594,PIT
315969659.9472975,00000000-0000-0000-0000-000000000000,AV,3991.842192784513,2488.201196600097,PIT
315969659.9472975,00000000-0000-0000-0000-000000025620,OTHERS,3959.833183827987,2466.337182613677,PIT
315969659.9472975,00000000-0000-0000-0000-000000025670,OTHERS,3988.2575569653072,2492.4456315255993,PIT
315969659.9472975,00000000-0000-0000-0000-000000025690,OTHERS,4016.986129824004,2503.100207623581,PIT
315969659.9472975,00000000-0000-0000-0000-000000025650,OTHERS,3975.898893915884,2469.273009776061,PIT
315969659.9472975,00000000-0000-0000-0000-000000025680,OTHERS,3990.422066978549,2482.418280763217,PIT
315969659.9472975,00000000-0000-0000-0000-000000025283,AGENT,3971.5256323912768,2469.772532093334,PIT
315969659.9472975,00000000-0000-0000-0000-000000025682,OTHERS,3992.876073081792,2496.7020656923432,PIT
315969659.9472975,00000000-0000-0000-0000-000000025688,OTHERS,3951.3607025338415,2454.6312630431007,PIT
315969659.9472975,00000000-0000-0000-0000-000000025611,OTHERS,3958.962859381437,2454.8301461396945,PIT
315969659.9472975,00000000-0000-0000-0000-000000025655,OTHERS,3971.3602955221386,2476.4850337689863,PIT
315969659.9472975,00000000-0000-0000-0000-000000025649,OTHERS,3964.0876987791808,2459.152758664095,PIT
315969659.9472975,00000000-0000-0000-0000-000000025673,OTHERS,3980.395905587583,2473.244837032504,PIT
315969659.9472975,00000000-0000-0000-0000-000000025696,OTHERS,4036.508120302989,2509.2388849395466,PIT
315969659.9472975,00000000-0000-0000-0000-000000025619,OTHERS,3953.400268296921,2456.253572876364,PIT
315969659.9472975,00000000-0000-0000-0000-000000025659,OTHERS,3994.407109384364,2486.296428738568,PIT
315969659.9472975,00000000-0000-0000-0000-000000025686,OTHERS,3999.444165343792,2490.6279822055944,PIT
315969659.9472975,00000000-0000-0000-0000-000000025663,OTHERS,3975.450990354746,2480.394308589233,PIT
315969659.9472975,00000000-0000-0000-0000-000000025658,OTHERS,3985.981021789241,2478.4654232031776,PIT
315969659.9472975,00000000-0000-0000-0000-000000025640,OTHERS,3971.7876515667713,2466.4712005823353,PIT
315969660.0441564,00000000-0000-0000-0000-000000000000,AV,3992.6345224695815,2488.9282219041024,PIT
315969660.0441564,00000000-0000-0000-0000-000000025620,OTHERS,3959.9531610982754,2466.2090642206963,PIT
315969660.0441564,00000000-0000-0000-0000-000000025670,OTHERS,3988.187470574585,2492.460011277347,PIT
315969660.0441564,00000000-0000-0000-0000-000000025690,OTHERS,4017.09262290845,2503.052637283797,PIT
315969660.0441564,00000000-0000-0000-0000-000000025680,OTHERS,3990.453855830807,2482.4809664941918,PIT
315969660.0441564,00000000-0000-0000-0000-000000025283,AGENT,3972.283264961338,2470.444905133813,PIT
315969660.0441564,00000000-0000-0000-0000-000000025682,OTHERS,3992.87756457901,2496.689618698083,PIT
315969660.0441564,00000000-0000-0000-0000-000000025688,OTHERS,3951.374677511568,2454.6002231629045,PIT
315969660.0441564,00000000-0000-0000-0000-000000025655,OTHERS,3971.3002706594707,2476.3933351733317,PIT
315969660.0441564,00000000-0000-0000-0000-000000025611,OTHERS,3958.962859389533,2454.830146147193,PIT
315969660.0441564,00000000-0000-0000-0000-000000025659,OTHERS,3994.5591828535853,2486.409894945005,PIT
315969660.0441564,00000000-0000-0000-0000-000000025619,OTHERS,3953.435576046721,2456.293822401865,PIT
315969660.0441564,00000000-0000-0000-0000-000000025673,OTHERS,3980.3604838554215,2473.244306895257,PIT
315969660.0441564,00000000-0000-0000-0000-000000025696,OTHERS,4036.549098738253,2509.116804566587,PIT
315969660.0441564,00000000-0000-0000-0000-000000025649,OTHERS,3963.795371853351,2458.433034150123,PIT
315969660.0441564,00000000-0000-0000-0000-000000025663,OTHERS,3975.4527503873132,2480.3937016557684,PIT
315969660.0441564,00000000-0000-0000-0000-000000025658,OTHERS,3985.9563503550985,2478.467275143271,PIT
315969660.0441564,00000000-0000-0000-0000-000000025686,OTHERS,3999.403760507397,2490.616879557605,PIT
315969660.0441564,00000000-0000-0000-0000-000000025640,OTHERS,3971.734492656222,2466.469698129872,PIT
315969660.0441564,00000000-0000-0000-0000-000000025650,OTHERS,3975.497849818275,2469.2275550560407,PIT
315969660.14789015,00000000-0000-0000-0000-000000000000,AV,3993.4257684713207,2489.6515515107785,PIT
315969660.14789015,00000000-0000-0000-0000-000000025620,OTHERS,3960.005230483952,2466.3225803703685,PIT
315969660.14789015,00000000-0000-0000-0000-000000025670,OTHERS,3988.2025273476534,2492.489411881641,PIT
315969660.14789015,00000000-0000-0000-0000-000000025690,OTHERS,4017.26618066622,2503.1924597383504,PIT
315969660.14789015,00000000-0000-0000-0000-000000025680,OTHERS,3990.418876153697,2482.338086284457,PIT
315969660.14789015,00000000-0000-0000-0000-000000025283,AGENT,3973.3560572289093,2471.391044258394,PIT
315969660.14789015,00000000-0000-0000-0000-000000025682,OTHERS,3992.930107126103,2496.738714684061,PIT
315969660.14789015,00000000-0000-0000-0000-000000025688,OTHERS,3951.439573321131,2454.3997675125424,PIT
315969660.14789015,00000000-0000-0000-0000-000000025655,OTHERS,3971.394901385516,2476.422981707517,PIT
315969660.14789015,00000000-0000-0000-0000-000000025611,OTHERS,3958.962859397626,2454.830146154694,PIT
315969660.14789015,00000000-0000-0000-0000-000000025701,OTHERS,4022.795674931135,2504.8854255235174,PIT
315969660.14789015,00000000-0000-0000-0000-000000025659,OTHERS,3994.4698991476007,2486.338843341052,PIT
315969660.14789015,00000000-0000-0000-0000-000000025619,OTHERS,3953.405814037034,2456.287044583277,PIT
315969660.14789015,00000000-0000-0000-0000-000000025673,OTHERS,3980.293962257423,2473.1795661663505,PIT
315969660.14789015,00000000-0000-0000-0000-000000025696,OTHERS,4036.562402889873,2508.974154676967,PIT
315969660.14789015,00000000-0000-0000-0000-000000025649,OTHERS,3963.748894021593,2458.384616032443,PIT
315969660.14789015,00000000-0000-0000-0000-000000025663,OTHERS,3975.506959682552,2480.439879140084,PIT
315969660.14789015,00000000-0000-0000-0000-000000025658,OTHERS,3985.932549584316,2478.47147061454,PIT
315969660.14789015,00000000-0000-0000-0000-000000025686,OTHERS,3999.2878172351698,2490.5822602682,PIT
315969660.14789015,00000000-0000-0000-0000-000000025640,OTHERS,3971.997363169715,2466.787270232507,PIT
315969660.14789015,00000000-0000-0000-0000-000000025650,OTHERS,3975.8749670549305,2469.5828272265194,PIT
315969660.1760884,00000000-0000-0000-0000-000000000000,AV,3993.661436160312,2489.8680183610722,PIT
315969660.1760884,00000000-0000-0000-0000-000000025620,OTHERS,3959.979105930591,2466.308561921221,PIT
315969660.1760884,00000000-0000-0000-0000-000000025670,OTHERS,3988.319107900929,2492.507364282924,PIT
315969660.1760884,00000000-0000-0000-0000-000000025690,OTHERS,4017.1922486480935,2503.164184213329,PIT
315969660.1760884,00000000-0000-0000-0000-000000025680,OTHERS,3990.414136425253,2482.3225378355733,PIT
315969660.1760884,00000000-0000-0000-0000-000000025283,AGENT,3974.0913803822164,2472.027411452812,PIT
315969660.1760884,00000000-0000-0000-0000-000000025682,OTHERS,3992.8969367868294,2496.727629586925,PIT
315969660.1760884,00000000-0000-0000-0000-000000025688,OTHERS,3951.4395733290053,2454.39976752023,PIT
315969660.1760884,00000000-0000-0000-0000-000000025655,OTHERS,3971.348516043901,2476.360243725504,PIT
315969660.1760884,00000000-0000-0000-0000-000000025611,OTHERS,3958.917656822537,2454.72735049312,PIT
315969660.1760884,00000000-0000-0000-0000-000000025701,OTHERS,4023.208105760117,2505.139658214633,PIT
315969660.1760884,00000000-0000-0000-0000-000000025659,OTHERS,3994.561317184429,2486.391510253045,PIT
315969660.1760884,00000000-0000-0000-0000-000000025619,OTHERS,3953.432952279029,2456.315252009386,PIT
315969660.1760884,00000000-0000-0000-0000-000000025673,OTHERS,3980.293321149912,2473.261433445424,PIT
315969660.1760884,00000000-0000-0000-0000-000000025696,OTHERS,4036.622166531946,2508.6886614526848,PIT
315969660.1760884,00000000-0000-0000-0000-000000025649,OTHERS,3963.656849455477,2458.463703804436,PIT
315969660.1760884,00000000-0000-0000-0000-000000025663,OTHERS,3975.468727046477,2480.484237269491,PIT
315969660.1760884,00000000-0000-0000-0000-000000025658,OTHERS,3985.960615463682,2478.528712752974,PIT
315969660.1760884,00000000-0000-0000-0000-000000025686,OTHERS,3999.3944204553527,2490.620501685361,PIT
315969660.1760884,00000000-0000-0000-0000-000000025640,OTHERS,3971.846102346516,2466.628341768509,PIT
315969660.1760884,00000000-0000-0000-0000-000000025650,OTHERS,3975.878086129103,2469.570120620644,PIT
315969660.2780775,00000000-0000-0000-0000-000000000000,AV,3994.526871411012,2490.6521076241597,PIT
315969660.2780775,00000000-0000-0000-0000-000000025620,OTHERS,3959.680139441505,2466.545807852622,PIT
315969660.2780775,00000000-0000-0000-0000-000000025670,OTHERS,3988.394376565293,2492.573081837373,PIT
315969660.2780775,00000000-0000-0000-0000-000000025690,OTHERS,4017.4164688185606,2503.294609302974,PIT
315969660.2780775,00000000-0000-0000-0000-000000025650,OTHERS,3976.1708585296724,2469.791862644227,PIT
315969660.2780775,00000000-0000-0000-0000-000000025680,OTHERS,3990.3942061542243,2482.326071032101,PIT
315969660.2780775,00000000-0000-0000-0000-000000025283,AGENT,3974.863647016443,2472.753247113231,PIT
315969660.2780775,00000000-0000-0000-0000-000000025682,OTHERS,3993.007387701035,2496.9335019683554,PIT
315969660.2780775,00000000-0000-0000-0000-000000025688,OTHERS,3951.397789910032,2454.5018018169635,PIT
315969660.2780775,00000000-0000-0000-0000-000000025655,OTHERS,3971.369087891877,2476.2962812354863,PIT
315969660.2780775,00000000-0000-0000-0000-000000025673,OTHERS,3980.256010521807,2473.2969323194925,PIT
315969660.2780775,00000000-0000-0000-0000-000000025696,OTHERS,4036.642273883053,2508.5171207358444,PIT
315969660.2780775,00000000-0000-0000-0000-000000025611,OTHERS,3958.917656830177,2454.7273505010253,PIT
315969660.2780775,00000000-0000-0000-0000-000000025701,OTHERS,4023.3774903667186,2505.141734315833,PIT
315969660.2780775,00000000-0000-0000-0000-000000025659,OTHERS,3994.6067473425346,2486.4137022121004,PIT
315969660.2780775,00000000-0000-0000-0000-000000025619,OTHERS,3953.378719143512,2456.391632424539,PIT
315969660.2780775,00000000-0000-0000-0000-000000025649,OTHERS,3963.5066350095412,2457.693326539491,PIT
315969660.2780775,00000000-0000-0000-0000-000000025658,OTHERS,3985.960735923669,2478.576203264065,PIT
315969660.2780775,00000000-0000-0000-0000-000000025663,OTHERS,3975.504386737629,2480.5194204934883,PIT
315969660.2780775,00000000-0000-0000-0000-000000025686,OTHERS,3999.3351003827015,2490.658272497194,PIT
315969660.2780775,00000000-0000-0000-0000-000000025640,OTHERS,3972.25050619129,2466.9798076161474,PIT
315969660.3772679,00000000-0000-0000-0000-000000000000,AV,3995.3134188617987,2491.359299494107,PIT
315969660.3772679,00000000-0000-0000-0000-000000025620,OTHERS,3959.964000315693,2466.296638835865,PIT
315969660.3772679,00000000-0000-0000-0000-000000025670,OTHERS,3988.457189438913,2492.6346480793663,PIT
315969660.3772679,00000000-0000-0000-0000-000000025690,OTHERS,4017.302253402178,2503.237235957264,PIT
315969660.3772679,00000000-0000-0000-0000-000000025650,OTHERS,3976.030749028754,2469.546214206236,PIT
315969660.3772679,00000000-0000-0000-0000-000000025680,OTHERS,3990.462020960253,2482.514293467808,PIT
315969660.3772679,00000000-0000-0000-0000-000000025283,AGENT,3975.237191440223,2473.145835754463,PIT
315969660.3772679,00000000-0000-0000-0000-000000025682,OTHERS,3992.9934334909913,2496.8216689294723,PIT
315969660.3772679,00000000-0000-0000-0000-000000025688,OTHERS,3951.4727192045184,2454.517018425126,PIT
315969660.3772679,00000000-0000-0000-0000-000000025655,OTHERS,3971.518932433451,2476.478604511321,PIT
315969660.3772679,00000000-0000-0000-0000-000000025673,OTHERS,3980.3333692798246,2473.3311012976333,PIT
315969660.3772679,00000000-0000-0000-0000-000000025696,OTHERS,4036.550267815441,2509.124708035261,PIT
315969660.3772679,00000000-0000-0000-0000-000000025611,OTHERS,3958.917656837814,2454.7273505089283,PIT
315969660.3772679,00000000-0000-0000-0000-000000025701,OTHERS,4023.435859034127,2505.1509196780084,PIT
315969660.3772679,00000000-0000-0000-0000-000000025659,OTHERS,3994.583960093601,2486.4107051649066,PIT
315969660.3772679,00000000-0000-0000-0000-000000025619,OTHERS,3953.3942444283284,2456.3441164913434,PIT
315969660.3772679,00000000-0000-0000-0000-000000025649,OTHERS,3963.3941367134007,2457.7536646443577,PIT
315969660.3772679,00000000-0000-0000-0000-000000025658,OTHERS,3985.854714913756,2478.496559845786,PIT
315969660.3772679,00000000-0000-0000-0000-000000025663,OTHERS,3975.457957452231,2480.417292402148,PIT
315969660.3772679,00000000-0000-0000-0000-000000025686,OTHERS,3999.526830986004,2490.7108508650604,PIT
315969660.3772679,00000000-0000-0000-0000-000000025640,OTHERS,3971.828854019472,2466.5641369772447,PIT
315969660.4802832,00000000-0000-0000-0000-000000000000,AV,3996.0917169051972,2492.0549474491136,PIT
315969660.4802832,00000000-0000-0000-0000-000000025620,OTHERS,3959.9597038903735,2466.2486894199437,PIT
315969660.4802832,00000000-0000-0000-0000-000000025670,OTHERS,3988.5247942808883,2492.705303912621,PIT
315969660.4802832,00000000-0000-0000-0000-000000025690,OTHERS,4017.3762119879707,2503.262070783096,PIT
315969660.4802832,00000000-0000-0000-0000-000000025650,OTHERS,3975.854485879772,2469.3922873655856,PIT
315969660.4802832,00000000-0000-0000-0000-000000025680,OTHERS,3990.358601820915,2482.4378532244273,PIT
315969660.4802832,00000000-0000-0000-0000-000000025283,AGENT,3975.960304671671,2473.8368543947627,PIT
315969660.4802832,00000000-0000-0000-0000-000000025682,OTHERS,3993.021457375196,2496.84333830486,PIT
315969660.4802832,00000000-0000-0000-0000-000000025688,OTHERS,3951.5601212736974,2454.4127796399107,PIT
315969660.4802832,00000000-0000-0000-0000-000000025655,OTHERS,3971.4649901780494,2476.376421900889,PIT
315969660.4802832,00000000-0000-0000-0000-000000025673,OTHERS,3980.365439313293,2473.3395952830656,PIT
315969660.4802832,00000000-0000-0000-0000-000000025696,OTHERS,4036.639323708595,2508.8705538580607,PIT
315969660.4802832,00000000-0000-0000-0000-000000025611,OTHERS,3958.9176568454523,2454.727350516831,PIT
315969660.4802832,00000000-0000-0000-0000-000000025701,OTHERS,4023.434224197919,2505.1390451393618,PIT
315969660.4802832,00000000-0000-0000-0000-000000025659,OTHERS,3994.684890396801,2486.4933757769572,PIT
315969660.4802832,00000000-0000-0000-0000-000000025619,OTHERS,3953.409457233607,2456.3780675770363,PIT
315969660.4802832,00000000-0000-0000-0000-000000025649,OTHERS,3964.0514130294832,2459.0768467257844,PIT
315969660.4802832,00000000-0000-0000-0000-000000025658,OTHERS,3985.863866928287,2478.531801633377,PIT
315969660.4802832,00000000-0000-0000-0000-000000025663,OTHERS,3975.4540017992585,2480.42245038082,PIT
315969660.4802832,00000000-0000-0000-0000-000000025686,OTHERS,3999.5244491544513,2490.7430280078256,PIT
315969660.4802832,00000000-0000-0000-0000-000000025640,OTHERS,3972.2810904811,2467.021245361018,PIT
315969660.5768413,00000000-0000-0000-0000-000000000000,AV,3996.858706472549,2492.733408300956,PIT
315969660.5768413,00000000-0000-0000-0000-000000025620,OTHERS,3959.9221096769043,2466.462697529128,PIT
315969660.5768413,00000000-0000-0000-0000-000000025670,OTHERS,3988.8369402304907,2492.8148488949696,PIT
315969660.5768413,00000000-0000-0000-0000-000000025690,OTHERS,4017.3752627985277,2503.255634952059,PIT
315969660.5768413,00000000-0000-0000-0000-000000025680,OTHERS,3990.2973706476,2482.4569616374056,PIT
315969660.5768413,00000000-0000-0000-0000-000000025283,AGENT,3977.054792538524,2474.787325894077,PIT
315969660.5768413,00000000-0000-0000-0000-000000025682,OTHERS,3993.0653005631457,2496.846401438745,PIT
315969660.5768413,00000000-0000-0000-0000-000000025688,OTHERS,3951.560121280449,2454.412779648776,PIT
315969660.5768413,00000000-0000-0000-0000-000000025655,OTHERS,3971.3748906959668,2476.230274887058,PIT
315969660.5768413,00000000-0000-0000-0000-000000025673,OTHERS,3980.4144932960435,2473.407004929292,PIT
315969660.5768413,00000000-0000-0000-0000-000000025696,OTHERS,4036.636735393692,2508.575213603261,PIT
315969660.5768413,00000000-0000-0000-0000-000000025701,OTHERS,4023.5031455018293,2505.11715796646,PIT
315969660.5768413,00000000-0000-0000-0000-000000025659,OTHERS,3994.777835063391,2486.573557879026,PIT
315969660.5768413,00000000-0000-0000-0000-000000025619,OTHERS,3953.3885733629545,2456.412429453988,PIT
315969660.5768413,00000000-0000-0000-0000-000000025649,OTHERS,3964.0514130364068,2459.076846734187,PIT
315969660.5768413,00000000-0000-0000-0000-000000025658,OTHERS,3985.848328845709,2478.545297400789,PIT
315969660.5768413,00000000-0000-0000-0000-000000025663,OTHERS,3975.492451314621,2480.395233189865,PIT
315969660.5768413,00000000-0000-0000-0000-000000025686,OTHERS,3999.612440990245,2490.7827622956856,PIT
315969660.5768413,00000000-0000-0000-0000-000000025640,OTHERS,3972.083954901749,2466.812310854695,PIT
315969660.5768413,00000000-0000-0000-0000-000000025650,OTHERS,3976.039712244325,2469.6747999821673,PIT
315969660.67627937,00000000-0000-0000-0000-000000000000,AV,3997.6160002556458,2493.396717068185,PIT
315969660.67627937,00000000-0000-0000-0000-000000025620,OTHERS,3959.9724355582616,2466.2053788146986,PIT
315969660.67627937,00000000-0000-0000-0000-000000025670,OTHERS,3988.869975568879,2492.862473893922,PIT
315969660.67627937,00000000-0000-0000-0000-000000025690,OTHERS,4017.475632983075,2503.372647956815,PIT
315969660.67627937,00000000-0000-0000-0000-000000025680,OTHERS,3990.226805255256,2482.3825514565788,PIT
315969660.67627937,00000000-0000-0000-0000-000000025283,AGENT,3977.739082544721,2475.3766131141433,PIT
315969660.67627937,00000000-0000-0000-0000-000000025682,OTHERS,3993.0496551720257,2496.849871959178,PIT
315969660.67627937,00000000-0000-0000-0000-000000025688,OTHERS,3951.5601212871998,2454.412779657641,PIT
315969660.67627937,00000000-0000-0000-0000-000000025655,OTHERS,3971.8712476947917,2476.7056513679363,PIT
315969660.67627937,00000000-0000-0000-0000-000000025673,OTHERS,3980.396754106713,2473.443820800629,PIT
315969660.67627937,00000000-0000-0000-0000-000000025696,OTHERS,4036.554363335176,2508.9398866765523,PIT
315969660.67627937,00000000-0000-0000-0000-000000025701,OTHERS,4023.542115982131,2505.110099978599,PIT
315969660.67627937,00000000-0000-0000-0000-000000025659,OTHERS,3994.780217009794,2486.5571927320416,PIT
315969660.67627937,00000000-0000-0000-0000-000000025619,OTHERS,3953.3918805121375,2456.3529510776857,PIT
315969660.67627937,00000000-0000-0000-0000-000000025649,OTHERS,3964.051413043332,2459.076846742589,PIT
315969660.67627937,00000000-0000-0000-0000-000000025663,OTHERS,3975.493634459594,2480.357654385805,PIT
315969660.67627937,00000000-0000-0000-0000-000000025658,OTHERS,3985.8571192686686,2478.635024475779,PIT
315969660.67627937,00000000-0000-0000-0000-000000025686,OTHERS,3999.619580951352,2490.832644717121,PIT
315969660.67627937,00000000-0000-0000-0000-000000025640,OTHERS,3972.297513539004,2467.004552227597,PIT
315969660.67627937,00000000-0000-0000-0000-000000025650,OTHERS,3976.050817456559,2469.844992097513,PIT
315969660.77964216,00000000-0000-0000-0000-000000000000,AV,3998.426322513647,2494.0993149090978,PIT
315969660.77964216,00000000-0000-0000-0000-000000025620,OTHERS,3959.854087220105,2466.213947437732,PIT
315969660.77964216,00000000-0000-0000-0000-000000025670,OTHERS,3988.7694100285207,2492.81645020924,PIT
315969660.77964216,00000000-0000-0000-0000-000000025690,OTHERS,4017.3724519062175,2503.3589831525283,PIT
315969660.77964216,00000000-0000-0000-0000-000000025650,OTHERS,3976.3326145893184,2470.348911857779,PIT
315969660.77964216,00000000-0000-0000-0000-000000025688,OTHERS,3951.560121293952,2454.4127796665052,PIT
315969660.77964216,00000000-0000-0000-0000-000000025655,OTHERS,3971.981742592768,2476.777043220075,PIT
315969660.77964216,00000000-0000-0000-0000-000000025701,OTHERS,4023.7814200990333,2505.1419992671545,PIT
315969660.77964216,00000000-0000-0000-0000-000000025659,OTHERS,3994.77612127934,2486.522300665163,PIT
315969660.77964216,00000000-0000-0000-0000-000000025283,AGENT,3978.4437828430932,2476.0312566386674,PIT
315969660.77964216,00000000-0000-0000-0000-000000025682,OTHERS,3993.132838878082,2496.8540660523418,PIT
315969660.77964216,00000000-0000-0000-0000-000000025696,OTHERS,4036.5014972797444,2509.007782189014,PIT
315969660.77964216,00000000-0000-0000-0000-000000025673,OTHERS,3980.334101267714,2473.3700586358027,PIT
315969660.77964216,00000000-0000-0000-0000-000000025680,OTHERS,3990.242077573522,2482.541180943671,PIT
315969660.77964216,00000000-0000-0000-0000-000000025619,OTHERS,3953.4401348928886,2456.3618754339345,PIT
315969660.77964216,00000000-0000-0000-0000-000000025649,OTHERS,3964.0514130502556,2459.0768467509893,PIT
315969660.77964216,00000000-0000-0000-0000-000000025663,OTHERS,3975.510997095652,2480.355374991396,PIT
315969660.77964216,00000000-0000-0000-0000-000000025658,OTHERS,3985.769110851499,2478.649464396405,PIT
315969660.77964216,00000000-0000-0000-0000-000000025686,OTHERS,3999.690146806925,2490.867373435119,PIT
315969660.77964216,00000000-0000-0000-0000-000000025640,OTHERS,3972.2975135458473,2467.0045522358278,PIT
315969660.93794703,00000000-0000-0000-0000-000000000000,AV,3999.5710731205,2495.0760036801457,PIT
315969660.93794703,00000000-0000-0000-0000-000000025620,OTHERS,3959.9200422564863,2466.5525957425407,PIT
315969660.93794703,00000000-0000-0000-0000-000000025670,OTHERS,3988.7772849329936,2492.8286782216514,PIT
315969660.93794703,00000000-0000-0000-0000-000000025690,OTHERS,4017.4746639610535,2503.391570482116,PIT
315969660.93794703,00000000-0000-0000-0000-000000025701,OTHERS,4023.822204283672,2505.124743930617,PIT
315969660.93794703,00000000-0000-0000-0000-000000025659,OTHERS,3994.779958854825,2486.524787203674,PIT
315969660.93794703,00000000-0000-0000-0000-000000025619,OTHERS,3953.3925065829467,2456.3379770907554,PIT
315969660.93794703,00000000-0000-0000-0000-000000025283,AGENT,3979.092048952085,2476.636758311289,PIT
315969660.93794703,00000000-0000-0000-0000-000000025682,OTHERS,3993.118649518878,2496.933558959773,PIT
315969660.93794703,00000000-0000-0000-0000-000000025696,OTHERS,4036.5880878510497,2508.8416722248307,PIT
315969660.93794703,00000000-0000-0000-0000-000000025673,OTHERS,3980.3887754554853,2473.3237021227633,PIT
315969660.93794703,00000000-0000-0000-0000-000000025680,OTHERS,3990.185456887482,2482.5444832912162,PIT
315969660.93794703,00000000-0000-0000-0000-000000025663,OTHERS,3975.567291034315,2480.4337142563995,PIT
315969660.93794703,00000000-0000-0000-0000-000000025658,OTHERS,3985.789589226889,2478.6784859016307,PIT
315969660.93794703,00000000-0000-0000-0000-000000025686,OTHERS,3999.7435356399,2490.878596961578,PIT
315969660.93794703,00000000-0000-0000-0000-000000025655,OTHERS,3972.008584295093,2476.7446092349796,PIT
315969660.93794703,00000000-0000-0000-0000-000000025640,OTHERS,3972.29751355269,2467.0045522440564,PIT
315969660.93794703,00000000-0000-0000-0000-000000025650,OTHERS,3976.321158550705,2469.804605797942,PIT
315969661.0367379,00000000-0000-0000-0000-000000000000,AV,4000.2572970016167,2495.653067850817,PIT
315969661.0367379,00000000-0000-0000-0000-000000025620,OTHERS,3960.023253385868,2466.228551327651,PIT
315969661.0367379,00000000-0000-0000-0000-000000025670,OTHERS,3988.71011265764,2492.8045220339677,PIT
315969661.0367379,00000000-0000-0000-0000-000000025690,OTHERS,4017.242177842397,2503.352749653999,PIT
315969661.0367379,00000000-0000-0000-0000-000000025701,OTHERS,4023.815436602268,2505.1094663034587,PIT
315969661.0367379,00000000-0000-0000-0000-000000025659,OTHERS,3994.787793809479,2486.5207495440773,PIT
315969661.0367379,00000000-0000-0000-0000-000000025703,OTHERS,4043.711358793661,2510.002066070885,PIT
315969661.0367379,00000000-0000-0000-0000-000000025619,OTHERS,3953.4558384251727,2456.2561357397085,PIT
315969661.0367379,00000000-0000-0000-0000-000000025283,AGENT,3979.8636770721455,2477.3194421008616,PIT
315969661.0367379,00000000-0000-0000-0000-000000025682,OTHERS,3993.223362716289,2497.034491630493,PIT
315969661.0367379,00000000-0000-0000-0000-000000025696,OTHERS,4036.696796494825,2508.985802018845,PIT
315969661.0367379,00000000-0000-0000-0000-000000025673,OTHERS,3980.432018051944,2473.370111498256,PIT
315969661.0367379,00000000-0000-0000-0000-000000025680,OTHERS,3990.230292242943,2482.63754127553,PIT
315969661.0367379,00000000-0000-0000-0000-000000025663,OTHERS,3975.6374500658007,2480.457823846469,PIT
315969661.0367379,00000000-0000-0000-0000-000000025658,OTHERS,3986.3394789264757,2479.435345420166,PIT
315969661.0367379,00000000-0000-0000-0000-000000025686,OTHERS,3999.696024137473,2490.8345344739732,PIT
315969661.0367379,00000000-0000-0000-0000-000000025655,OTHERS,3972.060981096523,2476.8636606391065,PIT
315969661.0367379,00000000-0000-0000-0000-000000025640,OTHERS,3972.297513559533,2467.004552252285,PIT
315969661.0367379,00000000-0000-0000-0000-000000025650,OTHERS,3976.220571073755,2469.7037055703986,PIT
315969661.13535994,00000000-0000-0000-0000-000000000000,AV,4000.925417181865,2496.2087388249147,PIT
315969661.13535994,00000000-0000-0000-0000-000000025620,OTHERS,3959.837707720301,2466.316246961328,PIT
315969661.13535994,00000000-0000-0000-0000-000000025670,OTHERS,3988.8096085690095,2492.8596962664637,PIT
315969661.13535994,00000000-0000-0000-0000-000000025690,OTHERS,4017.419290486581,2503.396076170205,PIT
315969661.13535994,00000000-0000-0000-0000-000000025701,OTHERS,4023.9954258064618,2505.179148415713,PIT
315969661.13535994,00000000-0000-0000-0000-000000025659,OTHERS,3994.8141877842213,2486.6093471853146,PIT
315969661.13535994,00000000-0000-0000-0000-000000025703,OTHERS,4044.026902923775,2509.9894035396155,PIT
315969661.13535994,00000000-0000-0000-0000-000000025283,AGENT,3980.520768123457,2477.951003041192,PIT
315969661.13535994,00000000-0000-0000-0000-000000025682,OTHERS,3993.517836437887,2497.109690705114,PIT
315969661.13535994,00000000-0000-0000-0000-000000025696,OTHERS,4036.5759898510164,2509.224067544525,PIT
315969661.13535994,00000000-0000-0000-0000-000000025673,OTHERS,3980.4205628622467,2473.5004374054292,PIT
315969661.13535994,00000000-0000-0000-0000-000000025680,OTHERS,3990.179955238509,2482.7351401692285,PIT
315969661.13535994,00000000-0000-0000-0000-000000025619,OTHERS,3953.409060209105,2456.351343443261,PIT
315969661.13535994,00000000-0000-0000-0000-000000025663,OTHERS,3975.828034407246,2480.7691388038097,PIT
315969661.13535994,00000000-0000-0000-0000-000000025658,OTHERS,3985.9944423758,2478.925206144097,PIT
315969661.13535994,00000000-0000-0000-0000-000000025686,OTHERS,3999.829417377385,2490.9618361027324,PIT
315969661.13535994,00000000-0000-0000-0000-000000025655,OTHERS,3972.390822155304,2476.9192323968336,PIT
315969661.13535994,00000000-0000-0000-0000-000000025650,OTHERS,3976.23000704086,2469.6634132858385,PIT
315969661.2384886,00000000-0000-0000-0000-000000000000,AV,4001.643213081223,2496.7983495199537,PIT
315969661.2384886,00000000-0000-0000-0000-000000025620,OTHERS,3960.0561944268898,2466.371071612425,PIT
315969661.2384886,00000000-0000-0000-0000-000000025670,OTHERS,3988.900854537996,2492.897075274219,PIT
315969661.2384886,00000000-0000-0000-0000-000000025690,OTHERS,4017.2594099362873,2503.391759667203,PIT
315969661.2384886,00000000-0000-0000-0000-000000025650,OTHERS,3976.2475202528735,2470.2590063854873,PIT
315969661.2384886,00000000-0000-0000-0000-000000025703,OTHERS,4044.026902923775,2509.9894035396155,PIT
315969661.2384886,00000000-0000-0000-0000-000000025705,OTHERS,3951.554183981092,2454.4830067967177,PIT
315969661.2384886,00000000-0000-0000-0000-000000025619,OTHERS,3953.365787002473,2456.391882040701,PIT
315969661.2384886,00000000-0000-0000-0000-000000025701,OTHERS,4023.758637392258,2505.055936647307,PIT
315969661.2384886,00000000-0000-0000-0000-000000025659,OTHERS,3994.774175960793,2486.5460698905235,PIT
315969661.2384886,00000000-0000-0000-0000-000000025696,OTHERS,4036.5391875944697,2509.03193787715,PIT
315969661.2384886,00000000-0000-0000-0000-000000025673,OTHERS,3980.6061996751455,2473.9367411970024,PIT
315969661.2384886,00000000-0000-0000-0000-000000025680,OTHERS,3990.1207563107832,2482.732160298537,PIT
315969661.2384886,00000000-0000-0000-0000-000000025283,AGENT,3981.258846413424,2478.629534906577,PIT
315969661.2384886,00000000-0000-0000-0000-000000025682,OTHERS,3993.271348599024,2497.0829465158386,PIT
315969661.2384886,00000000-0000-0000-0000-000000025663,OTHERS,3975.6328465328015,2480.4640319968844,PIT
315969661.2384886,00000000-0000-0000-0000-000000025686,OTHERS,3999.823148415455,2490.9663603530607,PIT
315969661.2384886,00000000-0000-0000-0000-000000025658,OTHERS,3986.011932948893,2478.844261303567,PIT
315969661.2384886,00000000-0000-0000-0000-000000025655,OTHERS,3972.071456796427,2476.772749895855,PIT
315969661.33620954,00000000-0000-0000-0000-000000000000,AV,4002.2958015833647,2497.32804449612,PIT
315969661.33620954,00000000-0000-0000-0000-000000025620,OTHERS,3960.017388263832,2466.410358164384,PIT
315969661.33620954,00000000-0000-0000-0000-000000025670,OTHERS,3988.8556959429707,2492.882399025113,PIT
315969661.33620954,00000000-0000-0000-0000-000000025690,OTHERS,4017.202510143375,2503.3563539809493,PIT
315969661.33620954,00000000-0000-0000-0000-000000025650,OTHERS,3976.3851214435736,2469.871332523703,PIT
315969661.33620954,00000000-0000-0000-0000-000000025703,OTHERS,4044.026902932056,2509.989403543519,PIT
315969661.33620954,00000000-0000-0000-0000-000000025705,OTHERS,3951.554183986683,2454.483006805685,PIT
315969661.33620954,00000000-0000-0000-0000-000000025619,OTHERS,3953.3452609306673,2456.421636808203,PIT
315969661.33620954,00000000-0000-0000-0000-000000025701,OTHERS,4023.758637400103,2505.055936651971,PIT
315969661.33620954,00000000-0000-0000-0000-000000025659,OTHERS,3994.7415427244787,2486.514702509629,PIT
315969661.33620954,00000000-0000-0000-0000-000000025696,OTHERS,4036.5878013522442,2509.010655276327,PIT
315969661.33620954,00000000-0000-0000-0000-000000025673,OTHERS,3980.6309332526207,2474.029579991953,PIT
315969661.33620954,00000000-0000-0000-0000-000000025680,OTHERS,3990.140975416429,2482.7440382311042,PIT
315969661.33620954,00000000-0000-0000-0000-000000025283,AGENT,3981.9312068190693,2479.2739346952885,PIT
315969661.33620954,00000000-0000-0000-0000-000000025682,OTHERS,3993.6574377148427,2497.206838166552,PIT
315969661.33620954,00000000-0000-0000-0000-000000025663,OTHERS,3975.512383494445,2480.321850156705,PIT
315969661.33620954,00000000-0000-0000-0000-000000025686,OTHERS,3999.8124146584228,2490.935454393246,PIT
315969661.33620954,00000000-0000-0000-0000-000000025658,OTHERS,3986.0989135521454,2479.0425553813902,PIT
315969661.33620954,00000000-0000-0000-0000-000000025655,OTHERS,3972.13776485641,2476.769442554626,PIT
315969661.43511134,00000000-0000-0000-0000-000000000000,AV,4002.946519599527,2497.852922017817,PIT
315969661.43511134,00000000-0000-0000-0000-000000025620,OTHERS,3959.996682109175,2466.131827587832,PIT
315969661.43511134,00000000-0000-0000-0000-000000025670,OTHERS,3988.860709521225,2492.872657105471,PIT
315969661.43511134,00000000-0000-0000-0000-000000025690,OTHERS,4017.1249463894032,2503.395371383703,PIT
315969661.43511134,00000000-0000-0000-0000-000000025283,AGENT,3982.639649486071,2479.9338383380773,PIT
315969661.43511134,00000000-0000-0000-0000-000000025682,OTHERS,3993.6545979318294,2497.2311213012545,PIT
315969661.43511134,00000000-0000-0000-0000-000000025703,OTHERS,4044.0269029403353,2509.9894035474217,PIT
315969661.43511134,00000000-0000-0000-0000-000000025701,OTHERS,4023.758637407945,2505.055936656635,PIT
315969661.43511134,00000000-0000-0000-0000-000000025659,OTHERS,3994.761653061093,2486.5462223500062,PIT
315969661.43511134,00000000-0000-0000-0000-000000025708,OTHERS,4094.919009647871,2531.722256812893,PIT
315969661.43511134,00000000-0000-0000-0000-000000025696,OTHERS,4037.030832210324,2509.1963851395362,PIT
315969661.43511134,00000000-0000-0000-0000-000000025673,OTHERS,3980.630933258219,2474.029579998948,PIT
315969661.43511134,00000000-0000-0000-0000-000000025680,OTHERS,3990.056791793877,2482.784679788495,PIT
315969661.43511134,00000000-0000-0000-0000-000000025619,OTHERS,3953.1437014747066,2456.606625167335,PIT
315969661.43511134,00000000-0000-0000-0000-000000025686,OTHERS,3999.8614103632585,2490.9659661896108,PIT
315969661.43511134,00000000-0000-0000-0000-000000025663,OTHERS,3976.1287780659936,2481.098877771554,PIT
315969661.43511134,00000000-0000-0000-0000-000000025658,OTHERS,3986.171055115902,2478.9906314189802,PIT
315969661.43511134,00000000-0000-0000-0000-000000025655,OTHERS,3972.2002259959554,2477.040073746633,PIT
315969661.43511134,00000000-0000-0000-0000-000000025650,OTHERS,3976.3915784084693,2470.315780803858,PIT
315969661.5341771,00000000-0000-0000-0000-000000000000,AV,4003.598271181053,2498.372741092606,PIT
315969661.5341771,00000000-0000-0000-0000-000000025620,OTHERS,3960.087124366011,2466.024787962097,PIT
315969661.5341771,00000000-0000-0000-0000-000000025670,OTHERS,3988.851046054603,2492.859768405491,PIT
315969661.5341771,00000000-0000-0000-0000-000000025680,OTHERS,3990.222401517096,2482.87687674734,PIT
315969661.5341771,00000000-0000-0000-0000-000000025283,AGENT,3983.444911568601,2480.7032270538434,PIT
315969661.5341771,00000000-0000-0000-0000-000000025682,OTHERS,3993.692588783517,2497.234698625006,PIT
315969661.5341771,00000000-0000-0000-0000-000000025701,OTHERS,4023.758637415788,2505.0559366612993,PIT
315969661.5341771,00000000-0000-0000-0000-000000025659,OTHERS,3994.71823155752,2486.526007864077,PIT
315969661.5341771,00000000-0000-0000-0000-000000025708,OTHERS,4094.919009647871,2531.722256812893,PIT
315969661.5341771,00000000-0000-0000-0000-000000025673,OTHERS,3980.150068126023,2472.715384670113,PIT
315969661.5341771,00000000-0000-0000-0000-000000025696,OTHERS,4036.5702187229053,2508.7247940760985,PIT
315969661.5341771,00000000-0000-0000-0000-000000025707,OTHERS,4059.6902546035176,2513.828316880885,PIT
315969661.5341771,00000000-0000-0000-0000-000000025690,OTHERS,4017.144912373501,2503.416295695597,PIT
315969661.5341771,00000000-0000-0000-0000-000000025619,OTHERS,3953.385095430689,2456.311077514525,PIT
315969661.5341771,00000000-0000-0000-0000-000000025686,OTHERS,3999.853771742495,2490.971376660415,PIT
315969661.5341771,00000000-0000-0000-0000-000000025663,OTHERS,3975.71135117448,2480.462409919276,PIT
315969661.5341771,00000000-0000-0000-0000-000000025658,OTHERS,3986.240714497594,2479.007282443143,PIT
315969661.5341771,00000000-0000-0000-0000-000000025655,OTHERS,3972.2002260015815,2477.040073753995,PIT
315969661.5341771,00000000-0000-0000-0000-000000025650,OTHERS,3976.3902615443562,2470.3729125991194,PIT
315969661.63309234,00000000-0000-0000-0000-000000000000,AV,4004.251020846892,2498.885589166821,PIT
315969661.63309234,00000000-0000-0000-0000-000000025620,OTHERS,3960.0816848138734,2466.173265153853,PIT
315969661.63309234,00000000-0000-0000-0000-000000025670,OTHERS,3988.8909807300065,2492.907935037861,PIT
315969661.63309234,00000000-0000-0000-0000-000000025690,OTHERS,4017.1232222416616,2503.4014855268106,PIT
315969661.63309234,00000000-0000-0000-0000-000000025283,AGENT,3984.023270917335,2481.3046840606517,PIT
315969661.63309234,00000000-0000-0000-0000-000000025682,OTHERS,3993.6863777593358,2497.245378335053,PIT
315969661.63309234,00000000-0000-0000-0000-000000025696,OTHERS,4037.433073912985,2508.833688832515,PIT
315969661.63309234,00000000-0000-0000-0000-000000025673,OTHERS,3980.150068131603,2472.715384676521,PIT
315969661.63309234,00000000-0000-0000-0000-000000025680,OTHERS,3990.001947273022,2482.6411307736043,PIT
315969661.63309234,00000000-0000-0000-0000-000000025708,OTHERS,4094.736892984174,2531.745957626716,PIT
315969661.63309234,00000000-0000-0000-0000-000000025707,OTHERS,4059.6902546035176,2513.828316880885,PIT
315969661.63309234,00000000-0000-0000-0000-000000025619,OTHERS,3953.3850954355103,2456.311077522172,PIT
315969661.63309234,00000000-0000-0000-0000-000000025659,OTHERS,3994.779762751247,2486.6156755093507,PIT
315969661.63309234,00000000-0000-0000-0000-000000025686,OTHERS,3999.828345348999,2490.933934085769,PIT
315969661.63309234,00000000-0000-0000-0000-000000025663,OTHERS,3976.223940743585,2481.084013888361,PIT
315969661.63309234,00000000-0000-0000-0000-000000025658,OTHERS,3986.0838021867744,2479.0623800286608,PIT
315969661.63309234,00000000-0000-0000-0000-000000025655,OTHERS,3972.316884571594,2476.728622941056,PIT
315969661.63309234,00000000-0000-0000-0000-000000025650,OTHERS,3976.3525495461627,2470.2512399693064,PIT
315969661.7369087,00000000-0000-0000-0000-000000000000,AV,4004.982911966989,2499.448038574357,PIT
315969661.7369087,00000000-0000-0000-0000-000000025620,OTHERS,3960.0534545446208,2466.332542639771,PIT
315969661.7369087,00000000-0000-0000-0000-000000025670,OTHERS,3988.913912769397,2492.8891348981524,PIT
315969661.7369087,00000000-0000-0000-0000-000000025690,OTHERS,4017.1972743740553,2503.518250724606,PIT
315969661.7369087,00000000-0000-0000-0000-000000025650,OTHERS,3976.463042711541,2469.836993993973,PIT
315969661.7369087,00000000-0000-0000-0000-000000025696,OTHERS,4036.8875555189397,2508.390202832048,PIT
315969661.7369087,00000000-0000-0000-0000-000000025673,OTHERS,3980.150068137183,2472.715384682929,PIT
315969661.7369087,00000000-0000-0000-0000-000000025680,OTHERS,3990.179260124712,2482.813936814956,PIT
315969661.7369087,00000000-0000-0000-0000-000000025708,OTHERS,4095.02158215522,2531.719020379251,PIT
315969661.7369087,00000000-0000-0000-0000-000000025283,AGENT,3984.5227881210976,2481.7274182449687,PIT
315969661.7369087,00000000-0000-0000-0000-000000025682,OTHERS,3993.6246386340054,2497.1919256091587,PIT
315969661.7369087,00000000-0000-0000-0000-000000025707,OTHERS,4059.6902546035176,2513.828316880885,PIT
315969661.7369087,00000000-0000-0000-0000-000000025619,OTHERS,3953.033341535284,2456.6030922237587,PIT
315969661.7369087,00000000-0000-0000-0000-000000025659,OTHERS,3994.7085893650346,2486.5313627089977,PIT
315969661.7369087,00000000-0000-0000-0000-000000025686,OTHERS,3999.835300568885,2490.9597654549952,PIT
315969661.7369087,00000000-0000-0000-0000-000000025663,OTHERS,3976.114409915819,2481.1328972740484,PIT
315969661.7369087,00000000-0000-0000-0000-000000025658,OTHERS,3986.149199566831,2479.0830581592363,PIT
315969661.7369087,00000000-0000-0000-0000-000000025655,OTHERS,3972.296473416021,2476.951928652637,PIT
315969661.8349135,00000000-0000-0000-0000-000000000000,AV,4005.660545869577,2499.954470775489,PIT
315969661.8349135,00000000-0000-0000-0000-000000025620,OTHERS,3960.0399060781237,2466.049077453781,PIT
315969661.8349135,00000000-0000-0000-0000-000000025670,OTHERS,3988.9130790658105,2492.847218413648,PIT
315969661.8349135,00000000-0000-0000-0000-000000025690,OTHERS,4017.281953471445,2503.553389886012,PIT
315969661.8349135,00000000-0000-0000-0000-000000025650,OTHERS,3976.4630427164007,2469.836994000985,PIT
315969661.8349135,00000000-0000-0000-0000-000000025680,OTHERS,3990.254105593133,2482.8852103117583,PIT
315969661.8349135,00000000-0000-0000-0000-000000025708,OTHERS,4094.9940363573796,2531.697702069073,PIT
315969661.8349135,00000000-0000-0000-0000-000000025673,OTHERS,3980.150068142761,2472.7153846893384,PIT
315969661.8349135,00000000-0000-0000-0000-000000025696,OTHERS,4038.0094156803298,2508.6753582993656,PIT
315969661.8349135,00000000-0000-0000-0000-000000025659,OTHERS,3994.688056171313,2486.521642068731,PIT
315969661.8349135,00000000-0000-0000-0000-000000025283,AGENT,3985.4466043223424,2482.625172596572,PIT
315969661.8349135,00000000-0000-0000-0000-000000025682,OTHERS,3993.610430843148,2497.17525341623,PIT
315969661.8349135,00000000-0000-0000-0000-000000025707,OTHERS,4059.6902546035176,2513.828316880885,PIT
315969661.8349135,00000000-0000-0000-0000-000000025619,OTHERS,3953.033341539288,2456.603092232288,PIT
315969661.8349135,00000000-0000-0000-0000-000000025686,OTHERS,3999.893249332337,2491.00897984463,PIT
315969661.8349135,00000000-0000-0000-0000-000000025663,OTHERS,3976.1470324523607,2480.9810662649274,PIT
315969661.8349135,00000000-0000-0000-0000-000000025658,OTHERS,3986.3172605811537,2479.238296899473,PIT
315969661.8349135,00000000-0000-0000-0000-000000025655,OTHERS,3972.1743602169104,2476.790456280129,PIT
315969661.9336104,00000000-0000-0000-0000-000000000000,AV,4006.3443548264772,2500.4524225396985,PIT
315969661.9336104,00000000-0000-0000-0000-000000025620,OTHERS,3960.0844207080822,2466.208301781913,PIT
315969661.9336104,00000000-0000-0000-0000-000000025670,OTHERS,3988.941102072963,2492.8734228009657,PIT
315969661.9336104,00000000-0000-0000-0000-000000025690,OTHERS,4017.489229728824,2503.752872315615,PIT
315969661.9336104,00000000-0000-0000-0000-000000025680,OTHERS,3990.4107099237126,2483.0628284746804,PIT
315969661.9336104,00000000-0000-0000-0000-000000025708,OTHERS,4094.987668926325,2531.723109207225,PIT
315969661.9336104,00000000-0000-0000-0000-000000025696,OTHERS,4038.0094156879604,2508.6753583015657,PIT
315969661.9336104,00000000-0000-0000-0000-000000025659,OTHERS,3994.6446724161797,2486.5189109509784,PIT
315969661.9336104,00000000-0000-0000-0000-000000025283,AGENT,3986.1306054789134,2483.252603400557,PIT
315969661.9336104,00000000-0000-0000-0000-000000025682,OTHERS,3993.6747208982,2497.215369247996,PIT
315969661.9336104,00000000-0000-0000-0000-000000025619,OTHERS,3953.250201189269,2456.49780386008,PIT
315969661.9336104,00000000-0000-0000-0000-000000025686,OTHERS,3999.894497078337,2491.012872775412,PIT
315969661.9336104,00000000-0000-0000-0000-000000025663,OTHERS,3976.1880875740558,2481.089366679295,PIT
315969661.9336104,00000000-0000-0000-0000-000000025658,OTHERS,3985.799627407188,2478.26718012761,PIT
315969661.9336104,00000000-0000-0000-0000-000000025655,OTHERS,3972.2423378759277,2476.8438790505475,PIT
315969661.9336104,00000000-0000-0000-0000-000000025650,OTHERS,3976.670663336692,2470.502335156709,PIT
315969662.0325136,00000000-0000-0000-0000-000000000000,AV,4007.036706857286,2500.945117625853,PIT
315969662.0325136,00000000-0000-0000-0000-000000025620,OTHERS,3960.185783968557,2465.992319668349,PIT
315969662.0325136,00000000-0000-0000-0000-000000025670,OTHERS,3988.982011130475,2492.8392119130217,PIT
315969662.0325136,00000000-0000-0000-0000-000000025708,OTHERS,4094.999021937669,2531.689068779905,PIT
315969662.0325136,00000000-0000-0000-0000-000000025696,OTHERS,4038.0094156955897,2508.6753583037657,PIT
315969662.0325136,00000000-0000-0000-0000-000000025690,OTHERS,4017.5596189582648,2503.734873995362,PIT
315969662.0325136,00000000-0000-0000-0000-000000025659,OTHERS,3994.588056886819,2486.483818198073,PIT
315969662.0325136,00000000-0000-0000-0000-000000025283,AGENT,3986.591056291815,2483.660392445576,PIT
315969662.0325136,00000000-0000-0000-0000-000000025682,OTHERS,3993.7274676382794,2497.222060142937,PIT
315969662.0325136,00000000-0000-0000-0000-000000025686,OTHERS,3999.8837272066467,2490.9775400966273,PIT
315969662.0325136,00000000-0000-0000-0000-000000025658,OTHERS,3986.234079682632,2478.981972447299,PIT
315969662.0325136,00000000-0000-0000-0000-000000025663,OTHERS,3976.14921636594,2481.088251331472,PIT
315969662.0325136,00000000-0000-0000-0000-000000025619,OTHERS,3953.2502011914494,2456.497803870759,PIT
315969662.0325136,00000000-0000-0000-0000-000000025655,OTHERS,3972.2003615134226,2476.861132230797,PIT
315969662.0325136,00000000-0000-0000-0000-000000025680,OTHERS,3990.312998216867,2482.9644828400264,PIT
315969662.0325136,00000000-0000-0000-0000-000000025650,OTHERS,3976.6706633403833,2470.502335164865,PIT
315969662.13234246,00000000-0000-0000-0000-000000000000,AV,4007.809382604704,2501.481163192764,PIT
315969662.13234246,00000000-0000-0000-0000-000000025620,OTHERS,3960.081686234435,2466.1360443231515,PIT
315969662.13234246,00000000-0000-0000-0000-000000025670,OTHERS,3988.877291035899,2492.810695431487,PIT
315969662.13234246,00000000-0000-0000-0000-000000025650,OTHERS,3976.670663344072,2470.502335173021,PIT
315969662.13234246,00000000-0000-0000-0000-000000025659,OTHERS,3994.7572161365038,2486.6759864707265,PIT
315969662.13234246,00000000-0000-0000-0000-000000025690,OTHERS,4017.5401078165632,2503.742504771019,PIT
315969662.13234246,00000000-0000-0000-0000-000000025696,OTHERS,4038.0094157032177,2508.675358305966,PIT
315969662.13234246,00000000-0000-0000-0000-000000025283,AGENT,3987.321526188056,2484.328465919577,PIT
315969662.13234246,00000000-0000-0000-0000-000000025682,OTHERS,3993.680402790165,2497.197479687084,PIT
315969662.13234246,00000000-0000-0000-0000-000000025708,OTHERS,4095.022965176037,2531.758737295697,PIT
315969662.13234246,00000000-0000-0000-0000-000000025658,OTHERS,3986.099241189782,2479.329276004425,PIT
315969662.13234246,00000000-0000-0000-0000-000000025686,OTHERS,3999.873147998856,2490.981257002671,PIT
315969662.13234246,00000000-0000-0000-0000-000000025663,OTHERS,3976.065235241686,2480.989541215763,PIT
315969662.13234246,00000000-0000-0000-0000-000000025619,OTHERS,3953.250201193632,2456.497803881439,PIT
315969662.13234246,00000000-0000-0000-0000-000000025655,OTHERS,3972.257784036421,2476.9047263367497,PIT
315969662.13234246,00000000-0000-0000-0000-000000025680,OTHERS,3990.1182553175267,2482.7806586862325,PIT
315969662.23759615,00000000-0000-0000-0000-000000000000,AV,4008.521243027857,2501.9623731155098,PIT
315969662.23759615,00000000-0000-0000-0000-000000025620,OTHERS,3960.0402247179713,2466.143769646897,PIT
315969662.23759615,00000000-0000-0000-0000-000000025670,OTHERS,3988.90787428454,2492.8199970307605,PIT
315969662.23759615,00000000-0000-0000-0000-000000025659,OTHERS,3994.681280445769,2486.703474612585,PIT
315969662.23759615,00000000-0000-0000-0000-000000025283,AGENT,3987.982883892047,2484.978824313513,PIT
315969662.23759615,00000000-0000-0000-0000-000000025682,OTHERS,3993.7085726066243,2497.245361542664,PIT
315969662.23759615,00000000-0000-0000-0000-000000025708,OTHERS,4094.982858152038,2531.7323624683904,PIT
315969662.23759615,00000000-0000-0000-0000-000000025658,OTHERS,3985.929423826553,2479.055293988657,PIT
315969662.23759615,00000000-0000-0000-0000-000000025686,OTHERS,3999.8916650569536,2490.985592646543,PIT
315969662.23759615,00000000-0000-0000-0000-000000025663,OTHERS,3976.054003777431,2481.0945493619292,PIT
315969662.23759615,00000000-0000-0000-0000-000000025619,OTHERS,3953.2502011958136,2456.497803892117,PIT
315969662.23759615,00000000-0000-0000-0000-000000025655,OTHERS,3972.254368458343,2476.935401245129,PIT
315969662.23759615,00000000-0000-0000-0000-000000025680,OTHERS,3990.078554712041,2482.7271117362093,PIT
315969662.23759615,00000000-0000-0000-0000-000000025650,OTHERS,3976.6706633477625,2470.502335181176,PIT
315969662.23759615,00000000-0000-0000-0000-000000025713,OTHERS,4076.925059523249,2527.754661558657,PIT
315969662.23759615,00000000-0000-0000-0000-000000025690,OTHERS,4017.648092629219,2503.768533453307,PIT
315969662.3299152,00000000-0000-0000-0000-000000000000,AV,4009.239676377962,2502.4362325409384,PIT
315969662.3299152,00000000-0000-0000-0000-000000025659,OTHERS,3994.852351378056,2486.8823169044354,PIT
315969662.3299152,00000000-0000-0000-0000-000000025283,AGENT,3988.7558309548244,2485.632141456981,PIT
315969662.3299152,00000000-0000-0000-0000-000000025682,OTHERS,3993.680525387215,2497.2320084524986,PIT
315969662.3299152,00000000-0000-0000-0000-000000025708,OTHERS,4094.9903489983417,2531.8542221720604,PIT
315969662.3299152,00000000-0000-0000-0000-000000025658,OTHERS,3985.929423831236,2479.055293995978,PIT
315969662.3299152,00000000-0000-0000-0000-000000025686,OTHERS,3999.941593832055,2491.024280927974,PIT
315969662.3299152,00000000-0000-0000-0000-000000025663,OTHERS,3976.169400215591,2481.039720423522,PIT
315969662.3299152,00000000-0000-0000-0000-000000025655,OTHERS,3972.254368462788,2476.9354012539834,PIT
315969662.3299152,00000000-0000-0000-0000-000000025680,OTHERS,3990.0785547171363,2482.727111743065,PIT
315969662.3299152,00000000-0000-0000-0000-000000025713,OTHERS,4076.919506725437,2527.709424963179,PIT
315969662.3299152,00000000-0000-0000-0000-000000025690,OTHERS,4017.741498477347,2503.7635520821977,PIT
315969662.3299152,00000000-0000-0000-0000-000000025670,OTHERS,3988.874386825749,2492.757585235545,PIT
315969662.3299152,00000000-0000-0000-0000-000000025620,OTHERS,3960.013055873647,2466.2191517178303,PIT
315969662.4318761,00000000-0000-0000-0000-000000000000,AV,4009.9653487531946,2502.899594969757,PIT
315969662.4318761,00000000-0000-0000-0000-000000025620,OTHERS,3960.058493709496,2466.2744788638634,PIT
315969662.4318761,00000000-0000-0000-0000-000000025283,AGENT,3989.759121690213,2486.511963594889,PIT
315969662.4318761,00000000-0000-0000-0000-000000025682,OTHERS,3993.716175133205,2497.2031817214256,PIT
315969662.4318761,00000000-0000-0000-0000-000000025716,OTHERS,4037.2881900585667,2509.052804234187,PIT
315969662.4318761,00000000-0000-0000-0000-000000025680,OTHERS,3990.0785547222304,2482.7271117499217,PIT
315969662.4318761,00000000-0000-0000-0000-000000025670,OTHERS,3988.905631025304,2492.78097495384,PIT
315969662.4318761,00000000-0000-0000-0000-000000025713,OTHERS,4077.1085160533535,2527.767980828429,PIT
315969662.4318761,00000000-0000-0000-0000-000000025690,OTHERS,4017.735746806946,2503.799495390505,PIT
315969662.4318761,00000000-0000-0000-0000-000000025659,OTHERS,3995.01897096745,2486.976699089717,PIT
315969662.4318761,00000000-0000-0000-0000-000000025708,OTHERS,4095.0602180739024,2531.774658458296,PIT
315969662.4318761,00000000-0000-0000-0000-000000025658,OTHERS,3985.9294238359184,2479.0552940033003,PIT
315969662.4318761,00000000-0000-0000-0000-000000025663,OTHERS,3976.048284308869,2480.945095734612,PIT
315969662.4318761,00000000-0000-0000-0000-000000025686,OTHERS,3999.8537843906397,2490.956390723596,PIT
315969662.4318761,00000000-0000-0000-0000-000000025655,OTHERS,3972.2543684672332,2476.935401262839,PIT
315969662.53540486,00000000-0000-0000-0000-000000000000,AV,4010.769651852077,2503.3943333464567,PIT
315969662.53540486,00000000-0000-0000-0000-000000025620,OTHERS,3959.967188967724,2466.3824809279818,PIT
315969662.53540486,00000000-0000-0000-0000-000000025715,OTHERS,4023.5902044884083,2506.1664339223325,PIT
315969662.53540486,00000000-0000-0000-0000-000000025283,AGENT,3990.531066815893,2487.216783391869,PIT
315969662.53540486,00000000-0000-0000-0000-000000025682,OTHERS,3993.7473858841176,2497.255015012069,PIT
315969662.53540486,00000000-0000-0000-0000-000000025716,OTHERS,4037.223748532132,2509.1063933759588,PIT
315969662.53540486,00000000-0000-0000-0000-000000025680,OTHERS,3990.078554727327,2482.727111756777,PIT
315969662.53540486,00000000-0000-0000-0000-000000025670,OTHERS,3988.9299941007894,2492.775953947405,PIT
315969662.53540486,00000000-0000-0000-0000-000000025713,OTHERS,4076.973294522925,2527.765644433198,PIT
315969662.53540486,00000000-0000-0000-0000-000000025690,OTHERS,4017.738197075395,2503.833238831537,PIT
315969662.53540486,00000000-0000-0000-0000-000000025659,OTHERS,3994.973627538561,2486.939449101513,PIT
315969662.53540486,00000000-0000-0000-0000-000000025708,OTHERS,4094.852170524997,2531.804973609825,PIT
315969662.53540486,00000000-0000-0000-0000-000000025658,OTHERS,3985.929423840602,2479.055294010621,PIT
315969662.53540486,00000000-0000-0000-0000-000000025663,OTHERS,3976.105874684172,2481.076728735495,PIT
315969662.53540486,00000000-0000-0000-0000-000000025686,OTHERS,3999.931954206491,2491.0139807593664,PIT
315969662.53540486,00000000-0000-0000-0000-000000025655,OTHERS,3972.2543684716793,2476.935401271693,PIT
315969662.63209534,00000000-0000-0000-0000-000000000000,AV,4011.512496822123,2503.833403849914,PIT
315969662.63209534,00000000-0000-0000-0000-000000025715,OTHERS,4023.5770104910894,2506.026984489603,PIT
315969662.63209534,00000000-0000-0000-0000-000000025283,AGENT,3991.2356234905455,2487.7950144253477,PIT
315969662.63209534,00000000-0000-0000-0000-000000025682,OTHERS,3993.785828979102,2497.267406686197,PIT
315969662.63209534,00000000-0000-0000-0000-000000025716,OTHERS,4037.2426173768563,2509.0797249471075,PIT
315969662.63209534,00000000-0000-0000-0000-000000025713,OTHERS,4076.97329453392,2527.765644428333,PIT
315969662.63209534,00000000-0000-0000-0000-000000025690,OTHERS,4017.833010040608,2503.821237303006,PIT
315969662.63209534,00000000-0000-0000-0000-000000025659,OTHERS,3995.0091570366144,2486.969746248935,PIT
315969662.63209534,00000000-0000-0000-0000-000000025708,OTHERS,4094.834720551999,2531.8227076577346,PIT
315969662.63209534,00000000-0000-0000-0000-000000025663,OTHERS,3976.20850676764,2481.142534361881,PIT
315969662.63209534,00000000-0000-0000-0000-000000025686,OTHERS,3999.926797465314,2490.999118092468,PIT
315969662.63209534,00000000-0000-0000-0000-000000025670,OTHERS,3988.9364719559217,2492.735746326281,PIT
315969662.63209534,00000000-0000-0000-0000-000000025620,OTHERS,3960.0506820496253,2466.208567081141,PIT
315969662.73573416,00000000-0000-0000-0000-000000000000,AV,4012.329798338744,2504.299463817383,PIT
315969662.73573416,00000000-0000-0000-0000-000000025715,OTHERS,4023.6950506975,2506.040609630506,PIT
315969662.73573416,00000000-0000-0000-0000-000000025283,AGENT,3992.103450593081,2488.63199617466,PIT
315969662.73573416,00000000-0000-0000-0000-000000025682,OTHERS,3993.763583224901,2497.2677843567762,PIT
315969662.73573416,00000000-0000-0000-0000-000000025716,OTHERS,4037.293699112229,2509.144022452537,PIT
315969662.73573416,00000000-0000-0000-0000-000000025713,OTHERS,4076.973294544917,2527.765644423469,PIT
315969662.73573416,00000000-0000-0000-0000-000000025690,OTHERS,4017.75612035945,2503.815065281828,PIT
315969662.73573416,00000000-0000-0000-0000-000000025659,OTHERS,3995.0540284083368,2487.063707246537,PIT
315969662.73573416,00000000-0000-0000-0000-000000025708,OTHERS,4094.846370278476,2531.874540852621,PIT
315969662.73573416,00000000-0000-0000-0000-000000025663,OTHERS,3976.192627171732,2481.194855019085,PIT
315969662.73573416,00000000-0000-0000-0000-000000025686,OTHERS,4000.000127260928,2491.051786029283,PIT
315969662.73573416,00000000-0000-0000-0000-000000025670,OTHERS,3988.954514383288,2492.7905965456853,PIT
315969662.73573416,00000000-0000-0000-0000-000000025620,OTHERS,3959.958925387385,2466.2914713637474,PIT
315969662.8352954,00000000-0000-0000-0000-000000000000,AV,4013.078420749373,2504.711111744677,PIT
315969662.8352954,00000000-0000-0000-0000-000000025659,OTHERS,3995.085612513765,2487.017727305545,PIT
315969662.8352954,00000000-0000-0000-0000-000000025715,OTHERS,4023.6478398376453,2505.968250891536,PIT
315969662.8352954,00000000-0000-0000-0000-000000025283,AGENT,3992.7041590383033,2489.187470289591,PIT
315969662.8352954,00000000-0000-0000-0000-000000025682,OTHERS,3993.7595559507695,2497.237808606282,PIT
315969662.8352954,00000000-0000-0000-0000-000000025716,OTHERS,4037.2485525010734,2509.148217297164,PIT
315969662.8352954,00000000-0000-0000-0000-000000025708,OTHERS,4094.9317859396974,2531.8575131290986,PIT
315969662.8352954,00000000-0000-0000-0000-000000025663,OTHERS,3976.304640138652,2481.256991913603,PIT
315969662.8352954,00000000-0000-0000-0000-000000025686,OTHERS,3999.996026383598,2491.027137612382,PIT
315969662.8352954,00000000-0000-0000-0000-000000025713,OTHERS,4076.9732945559135,2527.765644418605,PIT
315969662.8352954,00000000-0000-0000-0000-000000025690,OTHERS,4017.610723495169,2503.8045703650114,PIT
315969662.8352954,00000000-0000-0000-0000-000000025670,OTHERS,3989.274245925124,2493.095795018722,PIT
315969662.8352954,00000000-0000-0000-0000-000000025620,OTHERS,3959.9773122473694,2466.302113196205,PIT
315969662.93521,00000000-0000-0000-0000-000000000000,AV,4013.835203981147,2505.1120083745113,PIT
315969662.93521,00000000-0000-0000-0000-000000025620,OTHERS,3960.112920842621,2465.981922312108,PIT
315969662.93521,00000000-0000-0000-0000-000000025719,OTHERS,3951.608799166863,2454.349559450852,PIT
315969662.93521,00000000-0000-0000-0000-000000025716,OTHERS,4037.277943704735,2509.1956951446937,PIT
315969662.93521,00000000-0000-0000-0000-000000025715,OTHERS,4023.664694655052,2505.948781335803,PIT
315969662.93521,00000000-0000-0000-0000-000000025283,AGENT,3993.564754515685,2489.979213451621,PIT
315969662.93521,00000000-0000-0000-0000-000000025682,OTHERS,3993.780806071498,2497.248083281564,PIT
315969662.93521,00000000-0000-0000-0000-000000025659,OTHERS,3995.0103757846773,2487.0028107792473,PIT
315969662.93521,00000000-0000-0000-0000-000000025708,OTHERS,4094.9677164701397,2531.850440841441,PIT
315969662.93521,00000000-0000-0000-0000-000000025663,OTHERS,3976.330037690541,2481.1681164969727,PIT
315969662.93521,00000000-0000-0000-0000-000000025686,OTHERS,4000.0714600598894,2491.0571068023073,PIT
315969662.93521,00000000-0000-0000-0000-000000025721,OTHERS,4069.81493824174,2517.578363210057,PIT
315969662.93521,00000000-0000-0000-0000-000000025690,OTHERS,4017.691576512562,2503.873431254017,PIT
315969662.93521,00000000-0000-0000-0000-000000025670,OTHERS,3989.3329549443215,2493.2744929105124,PIT
315969663.0400985,00000000-0000-0000-0000-000000000000,AV,4014.6674809325896,2505.5356228054347,PIT
315969663.0400985,00000000-0000-0000-0000-000000025620,OTHERS,3960.1390775934615,2465.9191814875658,PIT
315969663.0400985,00000000-0000-0000-0000-000000025716,OTHERS,4037.316216685449,2509.204736577224,PIT
315969663.0400985,00000000-0000-0000-0000-000000025720,OTHERS,4059.514419639786,2514.694892144741,PIT
315969663.0400985,00000000-0000-0000-0000-000000025715,OTHERS,4023.7180342259007,2505.967335030068,PIT
315969663.0400985,00000000-0000-0000-0000-000000025283,AGENT,3994.327497563811,2490.675037217025,PIT
315969663.0400985,00000000-0000-0000-0000-000000025682,OTHERS,3993.702767333874,2497.184768723993,PIT
315969663.0400985,00000000-0000-0000-0000-000000025723,OTHERS,4044.6385681226757,2511.0856865270184,PIT
315969663.0400985,00000000-0000-0000-0000-000000025708,OTHERS,4094.9768549299406,2531.8831872602927,PIT
315969663.0400985,00000000-0000-0000-0000-000000025663,OTHERS,3976.2882944391217,2481.2241495722865,PIT
315969663.0400985,00000000-0000-0000-0000-000000025686,OTHERS,4000.0190035185688,2491.014110604765,PIT
315969663.0400985,00000000-0000-0000-0000-000000025719,OTHERS,3951.608799166882,2454.3495594644423,PIT
315969663.0400985,00000000-0000-0000-0000-000000025721,OTHERS,4069.81499666955,2517.598689185717,PIT
315969663.0400985,00000000-0000-0000-0000-000000025659,OTHERS,3995.014343028771,2486.9630760434466,PIT
315969663.0400985,00000000-0000-0000-0000-000000025690,OTHERS,4017.6372854293822,2503.811548169361,PIT
315969663.0400985,00000000-0000-0000-0000-000000025670,OTHERS,3989.068030436228,2492.8262834925376,PIT
315969663.13839334,00000000-0000-0000-0000-000000000000,AV,4015.427637317653,2505.907294345329,PIT
315969663.13839334,00000000-0000-0000-0000-000000025620,OTHERS,3960.1480524582953,2465.8396353421576,PIT
315969663.13839334,00000000-0000-0000-0000-000000025719,OTHERS,3951.6087991669,2454.349559478033,PIT
315969663.13839334,00000000-0000-0000-0000-000000025720,OTHERS,4059.5901577772174,2514.7533044861043,PIT
315969663.13839334,00000000-0000-0000-0000-000000025715,OTHERS,4023.6621567526036,2505.961875859044,PIT
315969663.13839334,00000000-0000-0000-0000-000000025283,AGENT,3995.001808429433,2491.2480571881983,PIT
315969663.13839334,00000000-0000-0000-0000-000000025682,OTHERS,3993.7218456922114,2497.220541596835,PIT
315969663.13839334,00000000-0000-0000-0000-000000025690,OTHERS,4017.6992503863103,2503.9065757415938,PIT
315969663.13839334,00000000-0000-0000-0000-000000025716,OTHERS,4037.271129461801,2509.157915625833,PIT
315969663.13839334,00000000-0000-0000-0000-000000025723,OTHERS,4044.67711381717,2511.162895565727,PIT
315969663.13839334,00000000-0000-0000-0000-000000025708,OTHERS,4095.026046132945,2531.939274122052,PIT
315969663.13839334,00000000-0000-0000-0000-000000025663,OTHERS,3976.3151113920985,2481.227926805305,PIT
315969663.13839334,00000000-0000-0000-0000-000000025686,OTHERS,4000.114639355988,2491.0644011567333,PIT
315969663.13839334,00000000-0000-0000-0000-000000025721,OTHERS,4069.8359016430745,2517.5277897780097,PIT
315969663.13839334,00000000-0000-0000-0000-000000025659,OTHERS,3995.027139850356,2487.01115115537,PIT
315969663.13839334,00000000-0000-0000-0000-000000025670,OTHERS,3989.4573416190196,2493.2561466580305,PIT
315969663.23775905,00000000-0000-0000-0000-000000000000,AV,4016.188214447494,2506.265454826285,PIT
315969663.23775905,00000000-0000-0000-0000-000000025620,OTHERS,3959.967125463818,2466.26972265061,PIT
315969663.23775905,00000000-0000-0000-0000-000000025719,OTHERS,3951.608799166916,2454.3495594916226,PIT
315969663.23775905,00000000-0000-0000-0000-000000025724,OTHERS,4076.9108613589647,2527.844371383978,PIT
315969663.23775905,00000000-0000-0000-0000-000000025720,OTHERS,4059.555273656933,2514.640553995976,PIT
315969663.23775905,00000000-0000-0000-0000-000000025715,OTHERS,4023.672450105627,2505.940097061973,PIT
315969663.23775905,00000000-0000-0000-0000-000000025283,AGENT,3995.6900694521364,2491.865223175579,PIT
315969663.23775905,00000000-0000-0000-0000-000000025682,OTHERS,3993.681514543992,2497.145770563764,PIT
315969663.23775905,00000000-0000-0000-0000-000000025690,OTHERS,4018.2457695868593,2503.968435758447,PIT
315969663.23775905,00000000-0000-0000-0000-000000025716,OTHERS,4037.450278877992,2509.208032198567,PIT
315969663.23775905,00000000-0000-0000-0000-000000025723,OTHERS,4044.638857227226,2511.126823656937,PIT
315969663.23775905,00000000-0000-0000-0000-000000025708,OTHERS,4094.9348864031294,2531.896695773642,PIT
315969663.23775905,00000000-0000-0000-0000-000000025663,OTHERS,3976.302559088438,2481.098312525281,PIT
315969663.23775905,00000000-0000-0000-0000-000000025686,OTHERS,4000.01191512464,2491.0385231820887,PIT
315969663.23775905,00000000-0000-0000-0000-000000025721,OTHERS,4069.824161802444,2517.523265230817,PIT
315969663.23775905,00000000-0000-0000-0000-000000025659,OTHERS,3995.0022974250846,2486.994759704122,PIT
315969663.23775905,00000000-0000-0000-0000-000000025670,OTHERS,3989.061558990766,2492.7248442216674,PIT
315969663.3370312,00000000-0000-0000-0000-000000000000,AV,4016.956988609491,2506.612893711784,PIT
315969663.3370312,00000000-0000-0000-0000-000000025720,OTHERS,4059.6330149972414,2514.5947315773433,PIT
315969663.3370312,00000000-0000-0000-0000-000000025715,OTHERS,4023.658295903308,2505.9369510025085,PIT
315969663.3370312,00000000-0000-0000-0000-000000025283,AGENT,3996.446566261416,2492.550697849104,PIT
315969663.3370312,00000000-0000-0000-0000-000000025682,OTHERS,3993.705195355786,2497.1713526688823,PIT
315969663.3370312,00000000-0000-0000-0000-000000025724,OTHERS,4076.9108613589647,2527.844371383978,PIT
315969663.3370312,00000000-0000-0000-0000-000000025716,OTHERS,4037.472874066286,2509.1931236379405,PIT
315969663.3370312,00000000-0000-0000-0000-000000025690,OTHERS,4018.124815116335,2503.857455425009,PIT
315969663.3370312,00000000-0000-0000-0000-000000025723,OTHERS,4044.6395624075317,2511.1445520553843,PIT
315969663.3370312,00000000-0000-0000-0000-000000025708,OTHERS,4095.250577727095,2531.8284391926363,PIT
315969663.3370312,00000000-0000-0000-0000-000000025663,OTHERS,3976.305565477227,2481.212334348537,PIT
315969663.3370312,00000000-0000-0000-0000-000000025686,OTHERS,4000.035045659292,2490.989833631225,PIT
315969663.3370312,00000000-0000-0000-0000-000000025721,OTHERS,4069.903811358213,2517.507789620356,PIT
315969663.3370312,00000000-0000-0000-0000-000000025659,OTHERS,3994.8007665193654,2486.5161043756425,PIT
315969663.3370312,00000000-0000-0000-0000-000000025670,OTHERS,3989.0169565550427,2492.662794014212,PIT
315969663.3370312,00000000-0000-0000-0000-000000025620,OTHERS,3959.9955427613313,2466.227126626133,PIT
315969663.43360746,00000000-0000-0000-0000-000000000000,AV,4017.723244345351,2506.9450999010523,PIT
315969663.43360746,00000000-0000-0000-0000-000000025620,OTHERS,3960.243486542469,2466.094999324533,PIT
315969663.43360746,00000000-0000-0000-0000-000000025670,OTHERS,3989.365179788931,2493.197182421811,PIT
315969663.43360746,00000000-0000-0000-0000-000000025283,AGENT,3997.199534225752,2493.168629185856,PIT
315969663.43360746,00000000-0000-0000-0000-000000025690,OTHERS,4018.2309391720496,2503.9205495461897,PIT
315969663.43360746,00000000-0000-0000-0000-000000025659,OTHERS,3994.8298703637774,2486.448848498555,PIT
315969663.43360746,00000000-0000-0000-0000-000000025721,OTHERS,4069.977478085475,2517.5701248030373,PIT
315969663.43360746,00000000-0000-0000-0000-000000025686,OTHERS,4000.3582813217686,2491.3703038066033,PIT
315969663.43360746,00000000-0000-0000-0000-000000025708,OTHERS,4094.906288346519,2531.865562829263,PIT
315969663.43360746,00000000-0000-0000-0000-000000025724,OTHERS,4076.9108613589647,2527.844371383978,PIT
315969663.43360746,00000000-0000-0000-0000-000000025682,OTHERS,3993.743453330141,2497.18985074472,PIT
315969663.43360746,00000000-0000-0000-0000-000000025715,OTHERS,4023.642859647783,2505.954971168845,PIT
315969663.43360746,00000000-0000-0000-0000-000000025720,OTHERS,4059.755566868475,2514.650097402305,PIT
315969663.43360746,00000000-0000-0000-0000-000000025663,OTHERS,3976.2374266408287,2481.1645030673744,PIT
315969663.43360746,00000000-0000-0000-0000-000000025723,OTHERS,4044.722095552591,2511.169510568157,PIT
315969663.43360746,00000000-0000-0000-0000-000000025716,OTHERS,4037.591681373304,2509.2891082976457,PIT
315969663.5325045,00000000-0000-0000-0000-000000000000,AV,4018.492090496247,2507.2652439908898,PIT
315969663.5325045,00000000-0000-0000-0000-000000025716,OTHERS,4037.6229825213823,2509.2951376991628,PIT
315969663.5325045,00000000-0000-0000-0000-000000025724,OTHERS,4076.8690671949767,2527.8412884844397,PIT
315969663.5325045,00000000-0000-0000-0000-000000025720,OTHERS,4059.621584672804,2514.5640418672792,PIT
315969663.5325045,00000000-0000-0000-0000-000000025670,OTHERS,3989.430309062904,2493.2640868068493,PIT
315969663.5325045,00000000-0000-0000-0000-000000025723,OTHERS,4044.7261910406014,2511.220220997631,PIT
315969663.5325045,00000000-0000-0000-0000-000000025708,OTHERS,4095.10713616405,2532.002809220987,PIT
315969663.5325045,00000000-0000-0000-0000-000000025663,OTHERS,3976.198866995887,2481.447551124907,PIT
315969663.5325045,00000000-0000-0000-0000-000000025686,OTHERS,4000.234145798864,2491.2091406097456,PIT
315969663.5325045,00000000-0000-0000-0000-000000025715,OTHERS,4023.668091372853,2505.9473668954433,PIT
315969663.5325045,00000000-0000-0000-0000-000000025283,AGENT,3997.9746558829133,2493.8603853011145,PIT
315969663.5325045,00000000-0000-0000-0000-000000025682,OTHERS,3993.7504972516,2497.1979552011585,PIT
315969663.5325045,00000000-0000-0000-0000-000000025721,OTHERS,4069.819423560756,2517.449294166987,PIT
315969663.5325045,00000000-0000-0000-0000-000000025659,OTHERS,3994.829870368601,2486.448848505433,PIT
315969663.5325045,00000000-0000-0000-0000-000000025690,OTHERS,4018.33431418685,2503.899343468861,PIT
315969663.5325045,00000000-0000-0000-0000-000000025620,OTHERS,3960.158202018112,2465.886777855945,PIT
315969663.632852,00000000-0000-0000-0000-000000000000,AV,4019.337505227131,2507.600324228276,PIT
315969663.632852,00000000-0000-0000-0000-000000025724,OTHERS,4076.8690671949767,2527.8412884844397,PIT
315969663.632852,00000000-0000-0000-0000-000000025716,OTHERS,4037.6229825297455,2509.295137699297,PIT
315969663.632852,00000000-0000-0000-0000-000000025723,OTHERS,4044.726191049272,2511.220220996628,PIT
315969663.632852,00000000-0000-0000-0000-000000025708,OTHERS,4095.10713616405,2532.002809220987,PIT
315969663.632852,00000000-0000-0000-0000-000000025663,OTHERS,3976.1988669997904,2481.447551134878,PIT
315969663.632852,00000000-0000-0000-0000-000000025686,OTHERS,4000.2341458043306,2491.2091406158675,PIT
315969663.632852,00000000-0000-0000-0000-000000025620,OTHERS,3960.1582020195237,2465.8867778684844,PIT
315969663.632852,00000000-0000-0000-0000-000000025720,OTHERS,4059.621584682011,2514.56404186389,PIT
315969663.632852,00000000-0000-0000-0000-000000025670,OTHERS,3989.4303090686985,2493.264086814701,PIT
315969663.632852,00000000-0000-0000-0000-000000025715,OTHERS,4023.6680913806813,2505.947366897813,PIT
315969663.632852,00000000-0000-0000-0000-000000025283,AGENT,3997.9746558888037,2493.860385307599,PIT
315969663.632852,00000000-0000-0000-0000-000000025682,OTHERS,3993.750497258026,2497.1979552083185,PIT
315969663.632852,00000000-0000-0000-0000-000000025721,OTHERS,4069.819423570425,2517.449294161965,PIT
315969663.632852,00000000-0000-0000-0000-000000025659,OTHERS,3994.8298703734217,2486.4488485123106,PIT
315969663.632852,00000000-0000-0000-0000-000000025690,OTHERS,4018.3343141943487,2503.899343472084,PIT
315969663.7352767,00000000-0000-0000-0000-000000000000,AV,4020.118621607758,2507.896320303876,PIT
315969663.7352767,00000000-0000-0000-0000-000000025724,OTHERS,4076.927056312757,2527.830251546169,PIT
315969663.7352767,00000000-0000-0000-0000-000000025716,OTHERS,4037.687032582586,2509.32316616036,PIT
315969663.7352767,00000000-0000-0000-0000-000000025723,OTHERS,4044.7460780127885,2511.0997774947273,PIT
315969663.7352767,00000000-0000-0000-0000-000000025708,OTHERS,4094.9353902456496,2531.8154366563576,PIT
315969663.7352767,00000000-0000-0000-0000-000000025663,OTHERS,3976.177702461916,2481.336290289038,PIT
315969663.7352767,00000000-0000-0000-0000-000000025686,OTHERS,4000.235741149676,2491.2430372756626,PIT
315969663.7352767,00000000-0000-0000-0000-000000025620,OTHERS,3960.148118720006,2466.066292861095,PIT
315969663.7352767,00000000-0000-0000-0000-000000025720,OTHERS,4059.6381399589295,2514.4490699266244,PIT
315969663.7352767,00000000-0000-0000-0000-000000025727,OTHERS,3953.365542556932,2456.133519918269,PIT
315969663.7352767,00000000-0000-0000-0000-000000025670,OTHERS,3989.5431417096083,2493.275903147989,PIT
315969663.7352767,00000000-0000-0000-0000-000000025715,OTHERS,4023.707865124552,2505.954686784397,PIT
315969663.7352767,00000000-0000-0000-0000-000000025283,AGENT,3999.421319176395,2495.097781853617,PIT
315969663.7352767,00000000-0000-0000-0000-000000025682,OTHERS,3993.6866408567707,2497.184086684047,PIT
315969663.7352767,00000000-0000-0000-0000-000000025721,OTHERS,4069.8455248305077,2517.3371990474952,PIT
315969663.7352767,00000000-0000-0000-0000-000000025659,OTHERS,3994.8298703782452,2486.448848519188,PIT
315969663.7352767,00000000-0000-0000-0000-000000025690,OTHERS,4018.239363717809,2503.878837403115,PIT
315969663.83693665,00000000-0000-0000-0000-000000000000,AV,4020.8933844150392,2508.176857596753,PIT
315969663.83693665,00000000-0000-0000-0000-000000025724,OTHERS,4076.8842278284333,2527.6729206919795,PIT
315969663.83693665,00000000-0000-0000-0000-000000025716,OTHERS,4037.627351785337,2509.313551418901,PIT
315969663.83693665,00000000-0000-0000-0000-000000025727,OTHERS,3953.060659322423,2456.2005619711426,PIT
315969663.83693665,00000000-0000-0000-0000-000000025670,OTHERS,3989.487887951922,2493.3564574586817,PIT
315969663.83693665,00000000-0000-0000-0000-000000025620,OTHERS,3960.142283214809,2466.066608434429,PIT
315969663.83693665,00000000-0000-0000-0000-000000025720,OTHERS,4059.6811134924346,2514.388020445201,PIT
315969663.83693665,00000000-0000-0000-0000-000000025715,OTHERS,4023.8721847186266,2505.9576840247228,PIT
315969663.83693665,00000000-0000-0000-0000-000000025283,AGENT,4000.183803507606,2495.7399282708802,PIT
315969663.83693665,00000000-0000-0000-0000-000000025682,OTHERS,3993.7299732186975,2497.182129734681,PIT
315969663.83693665,00000000-0000-0000-0000-000000025723,OTHERS,4044.6257711647054,2511.062762989145,PIT
315969663.83693665,00000000-0000-0000-0000-000000025708,OTHERS,4094.9830850925896,2531.815137868576,PIT
315969663.83693665,00000000-0000-0000-0000-000000025663,OTHERS,3976.164574480743,2481.316952923999,PIT
315969663.83693665,00000000-0000-0000-0000-000000025686,OTHERS,4000.212191973043,2491.246321809549,PIT
315969663.83693665,00000000-0000-0000-0000-000000025721,OTHERS,4069.887396601864,2517.461457980205,PIT
315969663.83693665,00000000-0000-0000-0000-000000025690,OTHERS,4018.490315787247,2504.0162298979144,PIT
315969663.93691236,00000000-0000-0000-0000-000000000000,AV,4021.750433455725,2508.471266560224,PIT
315969663.93691236,00000000-0000-0000-0000-000000025620,OTHERS,3960.056656228205,2466.024466555256,PIT
315969663.93691236,00000000-0000-0000-0000-000000025724,OTHERS,4076.8453016517637,2527.8622907173612,PIT
315969663.93691236,00000000-0000-0000-0000-000000025727,OTHERS,3953.119546669449,2455.9921201960988,PIT
315969663.93691236,00000000-0000-0000-0000-000000025670,OTHERS,3989.5063128435454,2493.395980206032,PIT
315969663.93691236,00000000-0000-0000-0000-000000025716,OTHERS,4037.651208021561,2509.289353114107,PIT
315969663.93691236,00000000-0000-0000-0000-000000025720,OTHERS,4059.785043965849,2514.2592038328808,PIT
315969663.93691236,00000000-0000-0000-0000-000000025715,OTHERS,4023.724050724925,2506.007678033654,PIT
315969663.93691236,00000000-0000-0000-0000-000000025283,AGENT,4000.972204140492,2496.3892998706287,PIT
315969663.93691236,00000000-0000-0000-0000-000000025682,OTHERS,3993.772980365469,2497.210934726276,PIT
315969663.93691236,00000000-0000-0000-0000-000000025723,OTHERS,4044.865922864558,2511.126756648945,PIT
315969663.93691236,00000000-0000-0000-0000-000000025708,OTHERS,4095.110235642008,2531.884774675143,PIT
315969663.93691236,00000000-0000-0000-0000-000000025663,OTHERS,3976.3282506138594,2481.211693930935,PIT
315969663.93691236,00000000-0000-0000-0000-000000025686,OTHERS,4000.3412383280297,2491.3114902091847,PIT
315969663.93691236,00000000-0000-0000-0000-000000025721,OTHERS,4069.911218072952,2517.3845797082995,PIT
315969663.93691236,00000000-0000-0000-0000-000000025690,OTHERS,4018.584658375533,2504.090516863832,PIT
315969664.03890586,00000000-0000-0000-0000-000000000000,AV,4022.5382839951135,2508.730644954865,PIT
315969664.03890586,00000000-0000-0000-0000-000000025620,OTHERS,3960.067387781616,2466.154222790596,PIT
315969664.03890586,00000000-0000-0000-0000-000000025690,OTHERS,4018.5261062628792,2504.016095727226,PIT
315969664.03890586,00000000-0000-0000-0000-000000025727,OTHERS,3953.134777312093,2455.996369613216,PIT
315969664.03890586,00000000-0000-0000-0000-000000025720,OTHERS,4059.8647530570115,2514.391378012915,PIT
315969664.03890586,00000000-0000-0000-0000-000000025670,OTHERS,3989.794152427463,2493.2642981469835,PIT
315969664.03890586,00000000-0000-0000-0000-000000025715,OTHERS,4024.251079726656,2506.041019185676,PIT
315969664.03890586,00000000-0000-0000-0000-000000025283,AGENT,4001.852084659609,2497.0684603434834,PIT
315969664.03890586,00000000-0000-0000-0000-000000025682,OTHERS,3993.757011082853,2497.174152928113,PIT
315969664.03890586,00000000-0000-0000-0000-000000025721,OTHERS,4070.0291523716933,2517.4482552815343,PIT
315969664.03890586,00000000-0000-0000-0000-000000025716,OTHERS,4037.768845689743,2509.3342717964306,PIT
315969664.03890586,00000000-0000-0000-0000-000000025724,OTHERS,4076.930037671319,2527.710920133086,PIT
315969664.03890586,00000000-0000-0000-0000-000000025723,OTHERS,4044.973055156292,2511.152485441249,PIT
315969664.03890586,00000000-0000-0000-0000-000000025708,OTHERS,4095.1778468783054,2531.8612300081463,PIT
315969664.03890586,00000000-0000-0000-0000-000000025663,OTHERS,3976.3282506177175,2481.2116939406123,PIT
315969664.03890586,00000000-0000-0000-0000-000000025686,OTHERS,4000.3564804849975,2491.329140797294,PIT
315969664.1453154,00000000-0000-0000-0000-000000000000,AV,4023.4010209423054,2509.000954996879,PIT
315969664.1453154,00000000-0000-0000-0000-000000025620,OTHERS,3959.8604781722142,2466.147091097165,PIT
315969664.1453154,00000000-0000-0000-0000-000000025727,OTHERS,3953.2254851939024,2456.164039108205,PIT
315969664.1453154,00000000-0000-0000-0000-000000025716,OTHERS,4037.8644034260656,2509.3097328162107,PIT
315969664.1453154,00000000-0000-0000-0000-000000025720,OTHERS,4060.210530155624,2514.388672513072,PIT
315969664.1453154,00000000-0000-0000-0000-000000025670,OTHERS,3989.9029368937104,2493.2979271110557,PIT
315969664.1453154,00000000-0000-0000-0000-000000025715,OTHERS,4024.280204943069,2506.056507859142,PIT
315969664.1453154,00000000-0000-0000-0000-000000025283,AGENT,4002.5215623015706,2497.6092294437713,PIT
315969664.1453154,00000000-0000-0000-0000-000000025682,OTHERS,3993.966818229459,2497.4385761569624,PIT
315969664.1453154,00000000-0000-0000-0000-000000025721,OTHERS,4069.924989139236,2517.377614675858,PIT
315969664.1453154,00000000-0000-0000-0000-000000025724,OTHERS,4076.958993575296,2527.709698061856,PIT
315969664.1453154,00000000-0000-0000-0000-000000025723,OTHERS,4044.9700173469078,2511.069257907155,PIT
315969664.1453154,00000000-0000-0000-0000-000000025708,OTHERS,4094.869246092189,2531.7005368073105,PIT
315969664.1453154,00000000-0000-0000-0000-000000025663,OTHERS,3976.540574364887,2480.8896869962937,PIT
315969664.1453154,00000000-0000-0000-0000-000000025686,OTHERS,4000.5068709791935,2491.4161364773536,PIT
315969664.1453154,00000000-0000-0000-0000-000000025690,OTHERS,4018.4754362061403,2503.967969511144,PIT
315969664.24309087,00000000-0000-0000-0000-000000000000,AV,4024.192121698801,2509.238467498039,PIT
315969664.24309087,00000000-0000-0000-0000-000000025620,OTHERS,3959.993496580809,2466.128300889251,PIT
315969664.24309087,00000000-0000-0000-0000-000000025690,OTHERS,4018.456929516784,2503.922632138522,PIT
315969664.24309087,00000000-0000-0000-0000-000000025720,OTHERS,4060.228665009749,2514.4037745713863,PIT
315969664.24309087,00000000-0000-0000-0000-000000025721,OTHERS,4069.9359754687775,2517.354113921734,PIT
315969664.24309087,00000000-0000-0000-0000-000000025670,OTHERS,3989.7932019349487,2493.4477092953102,PIT
315969664.24309087,00000000-0000-0000-0000-000000025715,OTHERS,4024.408660810384,2506.076230001393,PIT
315969664.24309087,00000000-0000-0000-0000-000000025283,AGENT,4003.525027761763,2498.372483038774,PIT
315969664.24309087,00000000-0000-0000-0000-000000025682,OTHERS,3994.0627373808425,2497.576684965043,PIT
315969664.24309087,00000000-0000-0000-0000-000000025716,OTHERS,4037.858507026219,2509.37372318602,PIT
315969664.24309087,00000000-0000-0000-0000-000000025686,OTHERS,4000.3818210664726,2491.371373670571,PIT
315969664.24309087,00000000-0000-0000-0000-000000025663,OTHERS,3976.480603893211,2481.1231147809312,PIT
315969664.24309087,00000000-0000-0000-0000-000000025724,OTHERS,4076.990338942937,2527.529688343753,PIT
315969664.24309087,00000000-0000-0000-0000-000000025727,OTHERS,3953.3599119800588,2456.290154558409,PIT
315969664.24309087,00000000-0000-0000-0000-000000025723,OTHERS,4045.14828453972,2511.0949315879466,PIT
315969664.24309087,00000000-0000-0000-0000-000000025708,OTHERS,4094.9348425815447,2531.591175635264,PIT
315969664.342734,00000000-0000-0000-0000-000000000000,AV,4024.984558235267,2509.466462601001,PIT
315969664.342734,00000000-0000-0000-0000-000000025620,OTHERS,3960.11683010344,2466.258649339888,PIT
315969664.342734,00000000-0000-0000-0000-000000025690,OTHERS,4018.38641087897,2503.857208576173,PIT
315969664.342734,00000000-0000-0000-0000-000000025721,OTHERS,4070.406160239582,2517.217437306497,PIT
315969664.342734,00000000-0000-0000-0000-000000025670,OTHERS,3989.669138795159,2493.653023111141,PIT
315969664.342734,00000000-0000-0000-0000-000000025715,OTHERS,4024.37602173576,2506.016828209145,PIT
315969664.342734,00000000-0000-0000-0000-000000025283,AGENT,4004.2645864811298,2498.912046529234,PIT
315969664.342734,00000000-0000-0000-0000-000000025682,OTHERS,3993.8585742228215,2497.2589584051293,PIT
315969664.342734,00000000-0000-0000-0000-000000025716,OTHERS,4037.85543163749,2509.3668739592154,PIT
315969664.342734,00000000-0000-0000-0000-000000025686,OTHERS,4000.1023466387123,2491.217754083514,PIT
315969664.342734,00000000-0000-0000-0000-000000025663,OTHERS,3976.349682107223,2481.2533096019483,PIT
315969664.342734,00000000-0000-0000-0000-000000025723,OTHERS,4045.035697181833,2511.028893930355,PIT
315969664.342734,00000000-0000-0000-0000-000000025708,OTHERS,4095.0250820733336,2531.672028948821,PIT
315969664.342734,00000000-0000-0000-0000-000000025724,OTHERS,4076.997776559992,2527.462222590799,PIT
315969664.342734,00000000-0000-0000-0000-000000025727,OTHERS,3953.200637266573,2456.4701016682143,PIT
315969664.342734,00000000-0000-0000-0000-000000025720,OTHERS,4059.8186377747443,2514.3198328133803,PIT
